Mean,SD,SE,LowerCI,UpperCI,WaveNumber,Significant,times_selected
1.65600394240943,19.6110755168749,0.277342489686874,1.11229100726595,2.1997168775529,0,Yes,164
-0.0235126150118611,1.03587517063908,0.0146494871524333,-0.0522320357792629,0.00520680575554058,1,No,17
0.0518152709800911,1.51601434726436,0.0214396805065345,0.00978409274300513,0.0938464492171771,2,Yes,36
0.216935085001932,4.25623690135016,0.0601922795056223,0.0989318140284578,0.334938355975406,3,Yes,52
0.251630254935599,6.1196740200364,0.0865452599643775,0.0819635826160653,0.421296927255133,4,Yes,19
0.118750627089295,4.4739168537398,0.0632707389148839,-0.00528777468227495,0.242789028860864,5,No,15
0.0146996469130167,1.2560282197006,0.0177629214302392,-0.0201234707364365,0.0495227645624699,6,No,8
0.117073343463532,5.17865304324049,0.0732372136857541,-0.0265037206198286,0.260650407546893,7,No,16
0.0995946131732985,3.70804828055235,0.0524397216829137,-0.00321024383405981,0.202399470180657,8,No,11
0.187444748388262,4.47675910878327,0.0633109344711859,0.0633275456946941,0.31156195108183,9,Yes,17
0.103349594984963,3.70346186132448,0.0523748599201658,0.000671895483986606,0.20602729448594,10,Yes,8
0.0104177133750523,0.735954417324321,0.0104079671826844,-0.00998646772306712,0.0308218944731717,11,No,2
0.00361667034151204,0.255558470423871,0.00361414254852762,-0.00346863438516528,0.0107019750681894,12,No,2
0,0,0,0,0,13,No,0
0.0218040117907263,0.91233485265454,0.0129023632204971,-0.00349027970000047,0.0470983032814531,14,No,5
0.020243497355426,1.0282948976833,0.0145422859042278,-0.00826576194202318,0.0487527566528753,15,No,4
0.028293104866552,1.62768967346324,0.0230190081154635,-0.0168342482508179,0.0734204579839219,16,No,5
-0.0194683819910125,1.01748223835895,0.0143893718096097,-0.0476778625877531,0.00874109860572818,17,No,2
0,0,0,0,0,18,No,0
0,0,0,0,0,19,No,0
0,0,0,0,0,20,No,0
1.98718260620086e-17,1.40515029630058e-15,1.98718260620086e-17,-1.90856697296887e-17,5.88293218537059e-17,21,No,1
0,0,0,0,0,22,No,0
0,0,0,0,0,23,No,0
-0.157961635846063,5.02433199657188,0.0710547845141704,-0.297260181437849,-0.0186630902542761,24,Yes,12
-0.545130232307816,9.52296299368762,0.134675034196501,-0.809152374087099,-0.281108090528532,25,Yes,34
-0.198350738242142,4.47201657061647,0.0632438648532304,-0.322336455064654,-0.0743650214196311,26,Yes,18
0.0609825978449925,2.93792764241572,0.0415485711717513,-0.0204708267936756,0.142436022483661,27,No,10
-0.0295925856888497,1.23057693950949,0.0174029859739789,-0.0637100719595465,0.00452490058184705,28,No,8
-9.38672289176199e-05,0.0066374154098839,9.38672289176199e-05,-0.000277888172142746,9.01537143075063e-05,29,No,1
0,0,0,0,0,30,No,0
-0.0750949078222843,2.39856212923667,0.0339207909336099,-0.141594537293859,-0.00859527835070958,31,Yes,8
-0.0247562585011365,0.889777369673894,0.0125833522368548,-0.0494251485308214,-8.7368471451639e-05,32,Yes,5
-0.00484374037435547,0.342504166501382,0.00484374037435547,-0.0143395961986367,0.00465211544992575,33,No,1
-0.192801292198808,8.49686526399368,0.120163820939967,-0.428375090700035,0.0427725063024184,34,No,10
-0.00847911974062551,0.486359868594104,0.00687816722359779,-0.0219633445839672,0.00500510510271618,35,No,2
0,0,0,0,0,36,No,0
0,0,0,0,0,37,No,0
-0.0944955539508909,2.80271355270815,0.0396363551768675,-0.172200196452425,-0.0167909114493573,38,Yes,7
-0.881199953647527,12.8147588018508,0.181228056961174,-1.23648644037359,-0.525913466921466,39,Yes,39
-0.0601384202990717,2.50867276548071,0.0354779904849884,-0.129690843951733,0.00941400335358939,40,No,9
-0.323773243611393,9.42278512409676,0.133258305178251,-0.585017975071452,-0.0625285121513351,41,Yes,10
-0.00350684921748435,0.247968047054156,0.00350679775179157,-0.0103817110561223,0.00336801262115359,42,No,2
-0.00137557715393664,0.0972679933593892,0.00137557715393664,-0.00407231176797871,0.00132115746010542,43,No,1
0,0,0,0,0,44,No,0
-0.144672126557474,5.01140118846174,0.0708719152721524,-0.283612168219923,-0.00573208489502536,45,Yes,6
-0.202836429867233,5.52227281813571,0.0780967311453182,-0.35594027978245,-0.049732579952017,46,Yes,12
-0.680887905417805,11.9719985022909,0.169309626506501,-1.01280904047298,-0.348966770362631,47,Yes,27
-0.135758597584957,4.31051053664688,0.0609598246167815,-0.255266593657404,-0.0162506015125098,48,Yes,12
-0.0116256807705721,0.637239710321114,0.00901193040818822,-0.0292930174238084,0.00604165588266428,49,No,2
0,0,0,0,0,50,No,0
0,0,0,0,0,51,No,0
0,0,0,0,0,52,No,0
0,0,0,0,0,53,No,0
0,0,0,0,0,54,No,0
-0.00177736198492104,0.125678471216085,0.00177736198492104,-0.00526177110926729,0.00170704713942521,55,No,1
-0.00772062037748297,0.422405598328328,0.00597371725978244,-0.0194317265577894,0.0039904858028235,56,No,3
0,0,0,0,0,57,No,0
0,0,0,0,0,58,No,0
0,0,0,0,0,59,No,0
0,0,0,0,0,60,No,0
-0.0169271424696929,1.15040104333086,0.0162691275764666,-0.0488217689180648,0.014967483978679,61,No,2
0,0,0,0,0,62,No,0
0,0,0,0,0,63,No,0
0,0,0,0,0,64,No,0
0,0,0,0,0,65,No,0
0,0,0,0,0,66,No,0
0,0,0,0,0,67,No,0
0,0,0,0,0,68,No,0
0,0,0,0,0,69,No,0
0,0,0,0,0,70,No,0
0,0,0,0,0,71,No,0
0,0,0,0,0,72,No,0
0,0,0,0,0,73,No,0
0,0,0,0,0,74,No,0
-0.00300069781372456,0.212181377237628,0.00300069781372456,-0.00888338177470293,0.00288198614725381,75,No,1
0,0,0,0,0,76,No,0
0,0,0,0,0,77,No,0
0,0,0,0,0,78,No,0
-0.0647224065706598,3.69586161921257,0.052267376265446,-0.167189390961039,0.0377445778197198,79,No,2
-0.164553863795189,5.94847427027259,0.084124129884469,-0.329474059137476,0.000366331547097726,80,No,7
-0.0742948547327074,3.91572306994794,0.0553766867201759,-0.182857451503008,0.0342677420375935,81,No,5
-0.0091779246822449,0.597094474967713,0.00844419104517383,-0.0257322431469968,0.00737639378250704,82,No,2
0,0,0,0,0,83,No,0
0,0,0,0,0,84,No,0
0,0,0,0,0,85,No,0
0,0,0,0,0,86,No,0
0,0,0,0,0,87,No,0
0,0,0,0,0,88,No,0
0,0,0,0,0,89,No,0
0,0,0,0,0,90,No,0
0.0217987381989336,1.54140356017762,0.0217987381989336,-0.0209363506147127,0.0645338270125799,91,No,1
0,0,0,0,0,92,No,0
-0.00731678740543128,0.517374999088078,0.00731678740543128,-0.0216609002044451,0.0070273253935825,93,No,1
-0.00987961214241339,0.688571336830416,0.00973786923206947,-0.0289701073210986,0.00921088303627177,94,No,2
-0.0231207878995827,1.63488659101708,0.0231207878995827,-0.0684476740391888,0.0222060982400234,95,No,1
-0.0261632026599512,1.85001780184094,0.0261632026599512,-0.0774545562749571,0.0251281509550547,96,No,1
-0.0530950891656566,3.31934058130022,0.0469425646821017,-0.145123107141857,0.0389329288105438,97,No,4
-0.0513580137178171,1.70679703627345,0.0241377551691611,-0.0986786017950945,-0.00403742564053965,98,Yes,6
-0.184179665649854,4.46046397999048,0.0630804865497921,-0.307845089332279,-0.0605142419674296,99,Yes,14
-0.0625271283732459,1.85593141986256,0.0262468338480399,-0.113982435801447,-0.0110718209450446,100,Yes,13
-0.170023259638673,4.09747263188112,0.0579470136745886,-0.28362482470496,-0.0564216945723857,101,Yes,18
-0.0805458056802511,2.98204510592897,0.0421724863241307,-0.163222377695881,0.00213076633537933,102,No,7
-0.0819866024915064,2.93394331157178,0.0414922242245865,-0.163329562397331,-0.000643642585681586,103,Yes,9
0,0,0,0,0,104,No,0
0,0,0,0,0,105,No,0
0,0,0,0,0,106,No,0
-0.0331838154848391,2.23804271594578,0.0316507036206085,-0.0952330780567097,0.0288654470870316,107,No,2
-0.527076598339742,11.0943046272063,0.156897160688938,-0.834663855705799,-0.219489340973685,108,Yes,20
-0.842109128974331,11.8383311970194,0.167419285346894,-1.17032436616484,-0.513893891783826,109,Yes,39
-1.46616015921771,17.9156524262955,0.253365586400295,-1.9628678465309,-0.969452471904508,110,Yes,70
-0.136655435788101,4.5374137027898,0.0641687199658285,-0.262454274315912,-0.0108565972602899,111,Yes,10
-0.133417167917887,5.04555724733856,0.0713549548891605,-0.273304179113387,0.00646984327761305,112,No,10
-0.15885270012912,5.46765098248293,0.0773242617374994,-0.310442171163885,-0.00726322909435514,113,Yes,9
-0.296407860409348,9.55723323039042,0.13515968853181,-0.561380137277842,-0.0314355835408537,114,Yes,12
-0.169169890389665,8.21673186280832,0.116202136387667,-0.396977049388681,0.0586372686093498,115,No,5
-0.129743365227931,6.31780076342832,0.0893471952401142,-0.304903059747463,0.0454163292916013,116,No,4
-0.140955758185387,5.03942087119949,0.0712681734255635,-0.280672639645838,-0.00123887672493647,117,Yes,6
-0.00461033248478774,0.23074317034165,0.00326320120922127,-0.0110076382471777,0.00178697327760226,118,No,2
6.97318143606843e-05,0.00493078387988813,6.97318143606843e-05,-6.69731294138282e-05,0.000206436758135197,119,No,1
0.0160148266743567,1.13241925409649,0.0160148266743567,-0.0153812584576381,0.0474109118063516,120,No,1
0.0217345481768313,1.53686464018631,0.0217345481768313,-0.0208747000367556,0.0643437963904182,121,No,1
0,0,0,0,0,122,No,0
0,0,0,0,0,123,No,0
0,0,0,0,0,124,No,0
0,0,0,0,0,125,No,0
0,0,0,0,0,126,No,0
0.0124717569542159,0.881886391563655,0.0124717569542159,-0.0119783573705986,0.0369218712790304,127,No,2
0.000677526030024932,0.0859532609558211,0.00121556267373916,-0.00170551001301253,0.0030605620730624,128,No,3
-0.00708891644466645,0.52034852894845,0.00735883946799787,-0.0215154697323076,0.0073376368429747,129,No,2
0.0101860348781795,0.720261433576339,0.0101860348781795,-0.00978306155324577,0.0301551313096047,130,No,1
0.0316580772210093,1.77967518210207,0.0251684077914755,-0.0176830420883363,0.0809991965303549,131,No,4
0,0,0,0,0,132,No,0
0,0,0,0,0,133,No,0
0.00612806340221121,0.433319518724465,0.00612806340221121,-0.00588562892067574,0.0181417557250982,134,No,1
0,0,0,0,0,135,No,0
0,0,0,0,0,136,No,0
0.00420167817405117,0.29710351292351,0.00420167817405117,-0.00403545409919297,0.0124388104472953,137,No,1
3.3196965632254e-06,0.000234737995133836,3.3196965632254e-06,-3.18836487451111e-06,9.82775800096192e-06,138,No,1
7.87413297316971e-06,0.000556785282129289,7.87413297316971e-06,-7.56262161638399e-06,2.33108875627234e-05,139,No,1
0,0,0,0,0,140,No,0
0,0,0,0,0,141,No,0
0.00504891786413489,0.357012405938368,0.00504891786413489,-0.0048491758405349,0.0149470115688047,142,No,1
0,0,0,0,0,143,No,0
0,0,0,0,0,144,No,0
0,0,0,0,0,145,No,0
0,0,0,0,0,146,No,0
-0.0103323740024589,0.730609172289428,0.0103323740024589,-0.0305883593086402,0.00992361130372235,147,No,1
-0.0106042917873421,0.74983666325104,0.0106042917873421,-0.0313933552277229,0.0101847716530387,148,No,1
0,0,0,0,0,149,No,0
0,0,0,0,0,150,No,0
0,0,0,0,0,151,No,0
0,0,0,0,0,152,No,0
0,0,0,0,0,153,No,0
0,0,0,0,0,154,No,0
0,0,0,0,0,155,No,0
0,0,0,0,0,156,No,0
0,0,0,0,0,157,No,0
0,0,0,0,0,158,No,0
0,0,0,0,0,159,No,0
0,0,0,0,0,160,No,0
0,0,0,0,0,161,No,0
0,0,0,0,0,162,No,0
-0.0102249558248091,0.552800497623163,0.00781777961025273,-0.025551233103831,0.00510132145421286,163,No,2
-0.0112474670381956,0.795316021388029,0.0112474670381956,-0.0332974360969259,0.0108025020205347,164,No,1
-0.0197249015946734,0.840031150557323,0.0118798344593404,-0.0430145881847056,0.0035647849953589,165,No,5
-0.124112715832002,2.69700348757192,0.0381413890989175,-0.198886569058874,-0.0493388626051291,166,Yes,18
-0.900007118697399,10.5073467914057,0.148596323369633,-1.19132109378304,-0.608693143611757,167,Yes,93
0,0,0,0,0,168,No,0
0,0,0,0,0,169,No,0
0,0,0,0,0,170,No,0
0,0,0,0,0,171,No,0
0,0,0,0,0,172,No,0
-0.173165480612565,4.23097569733432,0.0598350321324116,-0.290468390029179,-0.0558625711959513,173,Yes,16
-0.181784997410697,4.51722745851004,0.0638832433614905,-0.307024176570647,-0.0565458182507482,174,Yes,11
-0.00125909136691064,0.0890312043675954,0.00125909136691064,-0.00372746274228015,0.00120928000845886,175,No,1
0,0,0,0,0,176,No,0
0,0,0,0,0,177,No,0
0,0,0,0,0,178,No,0
0.305067529302859,12.7394224160072,0.180162639575172,-0.0481302720048583,0.658265330610576,179,No,5
0.0297741458142201,1.45209597582741,0.0205357382288251,-0.0104849090472931,0.0700332006757334,180,No,3
0.022941829278726,1.57238475694441,0.0222368784853951,-0.0206522066851587,0.0665358652426107,181,No,2
0,0,0,0,0,182,No,0
0.055057891459155,2.75439275507158,0.0389529959032442,-0.021307067112813,0.131422850031123,183,No,2
4.25679750936494e-07,3.01001038500996e-05,4.25679750936494e-07,-4.08839283900661e-07,1.26019878577365e-06,184,No,1
0,0,0,0,0,185,No,0
0,0,0,0,0,186,No,0
0,0,0,0,0,187,No,0
0,0,0,0,0,188,No,0
0,0,0,0,0,189,No,0
0.00731228035887781,0.51705630276997,0.00731228035887781,-0.00702299665189025,0.0216475573696459,190,No,1
0,0,0,0,0,191,No,0
0,0,0,0,0,192,No,0
-0.00603939018175397,0.427049375174969,0.00603939018175397,-0.0178792440963326,0.00580046373282468,193,No,1
-5.56166812158438e-05,0.00393269324348137,5.56166812158438e-05,-0.000164649772470438,5.34164100387504e-05,194,No,1
0,0,0,0,0,195,No,0
0,0,0,0,0,196,No,0
0,0,0,0,0,197,No,0
0,0,0,0,0,198,No,0
0,0,0,0,0,199,No,0
0,0,0,0,0,200,No,0
0,0,0,0,0,201,No,0
0,0,0,0,0,202,No,0
0,0,0,0,0,203,No,0
0.0650920674663157,4.60270423068841,0.0650920674663157,-0.0625169371857489,0.19270107211838,204,No,1
0.0545771417889434,3.85918670567416,0.0545771417889434,-0.0524179961984269,0.161572279776314,205,No,1
0.0761247474550035,4.0953426506326,0.057916891190896,-0.0374177643301193,0.189667259240126,206,No,4
0.0545797679434472,3.85937240283996,0.0545797679434472,-0.0524205184587044,0.161580054345599,207,No,1
0.0658598189423757,4.65699245818721,0.0658598189423757,-0.0632543153743882,0.19497395325914,208,No,1
0.643575849674789,12.1418463169684,0.171711637337065,0.306945719757679,0.980205979591899,209,Yes,16
0.193782818098381,6.05392352843332,0.0856154075947998,0.0259390642998573,0.361626571896905,210,Yes,9
0,0,0,0,0,211,No,0
0,0,0,0,0,212,No,0
0,0,0,0,0,213,No,0
0,0,0,0,0,214,No,0
0,0,0,0,0,215,No,0
0,0,0,0,0,216,No,0
0,0,0,0,0,217,No,0
0,0,0,0,0,218,No,0
0.0328068582177704,1.64017883557819,0.0231956315399199,-0.0126667542868095,0.0782804707223502,219,No,2
0.943370782137639,21.1973266870359,0.299775468868593,0.355679367646572,1.53106219662871,220,Yes,19
0.359337976800077,7.48164163867225,0.105806390742256,0.151911039325189,0.566764914274965,221,Yes,18
0.00493991772388396,0.349304932106196,0.00493991772388396,-0.00474448789334639,0.0146243233411143,222,No,1
0,0,0,0,0,223,No,0
0,0,0,0,0,224,No,0
0,0,0,0,0,225,No,0
0,0,0,0,0,226,No,0
0,0,0,0,0,227,No,0
0,0,0,0,0,228,No,0
0,0,0,0,0,229,No,0
0.00488069807870244,0.345117470837465,0.00488069807870244,-0.00468761105747247,0.0144490072148773,230,No,1
0.0418164610660954,2.95687031850593,0.0418164610660953,-0.0401621452744949,0.123795067406686,231,No,3
0.00634072801140211,0.448357177452193,0.00634072801140211,-0.00608988023011986,0.0187713362529241,232,No,1
9.47265545770132e-06,0.000669817890998436,9.47265545770132e-06,-9.09790438808556e-06,2.80432153034882e-05,233,No,1
0.0431055057387701,2.16238374422768,0.030580724181419,-0.0168461277893803,0.10305713926692,234,No,3
0.585315121032994,14.7159227734106,0.208114575689923,0.177319263916903,0.993310978149084,235,Yes,16
2.43152979942731,31.9076654507312,0.451242532240875,1.54689650020489,3.31616309864973,236,Yes,59
3.52055427617122,41.5029140465129,0.586939839225833,2.36989473208759,4.67121382025484,237,Yes,122
0.170048797957295,5.01574341312659,0.0709333236022714,0.0309883690312546,0.309109226883336,238,Yes,12
0.00785724339203175,0.555591008393884,0.00785724339203175,-0.00754640020993317,0.0232608869939967,239,No,1
0.0216408160962879,1.53023678120962,0.0216408160962879,-0.0207846761241697,0.0640663083167456,240,No,1
0,0,0,0,0,241,No,0
0.298101373215875,10.8808938366602,0.153879076345467,-0.00356911496435686,0.599771861396107,242,No,6
0.981542472198456,18.8111348552221,0.266029620358843,0.460007723290287,1.50307722110663,243,Yes,24
0.892730075369128,17.5687166595421,0.248459173734145,0.40564110906312,1.37981904167514,244,Yes,30
1.44402928080678,26.2011175140081,0.370539757376416,0.717608820321473,2.17044974129209,245,Yes,32
0.334807174934331,8.12990065999686,0.114974157741135,0.109407392731251,0.560206957137411,246,Yes,18
0.153765979150307,7.60352745503132,0.107530116487815,-0.0570402168924205,0.364572175193035,247,No,8
0.0408466467784621,2.18985726671104,0.0309692584624403,-0.0198666843697553,0.101559977926679,248,No,3
0.0410271277370004,2.90100504377876,0.0410264067742468,-0.0394026256368892,0.12145688111089,249,No,2
0,0,0,0,0,250,No,0
0,0,0,0,0,251,No,0
0,0,0,0,0,252,No,0
0,0,0,0,0,253,No,0
0,0,0,0,0,254,No,0
0,0,0,0,0,255,No,0
0.244192780256122,11.0716105700336,0.156576218254549,-0.062765289158205,0.551150849670449,256,No,10
0.0331076475595447,2.15636068104193,0.0304955452049758,-0.0266769978113033,0.0928922929303928,257,No,17
0.00645120484617072,0.456169069355083,0.00645120484617072,-0.00619598645179247,0.0190983961441339,258,No,1
-0.0104676415092808,0.740174029424222,0.0104676415092808,-0.0309888104634732,0.0100535274449116,259,No,1
0.173100728766739,5.76644864127577,0.081549898752201,0.0132271556215895,0.332974301911888,260,Yes,11
0.0713312532171015,2.77269400237034,0.0392118146246267,-0.00554110357874428,0.148203610012947,261,No,37
0.0284987727560523,2.0151675471299,0.0284987727560523,-0.0273713227373372,0.0843688682494418,262,No,2
0,0,0,0,0,263,No,0
0,0,0,0,0,264,No,0
0.0935946819673814,5.14817797559681,0.0728062311459947,-0.0491374672889986,0.236326831223761,265,No,2
0.000738525795314246,0.0370887164728462,0.000524513658469095,-0.000289751051450392,0.00176680264207888,266,No,2
0,0,0,0,0,267,No,0
0,0,0,0,0,268,No,0
0,0,0,0,0,269,No,0
0,0,0,0,0,270,No,0
0,0,0,0,0,271,No,0
0,0,0,0,0,272,No,0
0,0,0,0,0,273,No,0
0,0,0,0,0,274,No,0
0,0,0,0,0,275,No,0
0,0,0,0,0,276,No,0
0,0,0,0,0,277,No,0
0.0203517238301487,1.32987763643411,0.018807309897418,-0.0165188533324894,0.0572223009927867,278,No,2
0.0569887223032364,2.23161668839203,0.0315598258674214,-0.00488238000916457,0.118859824615637,279,No,5
0.373635459485418,9.81965887696776,0.138870947616852,0.101387486878834,0.645883432092002,280,Yes,27
0.00644579823134353,0.455786763954325,0.00644579823134351,-0.00619079372996479,0.0190823901926518,281,No,3
4.83907158927241e-05,0.00342174033542169,4.83907158927241e-05,-4.64763136829902e-05,0.000143257745468438,282,No,1
0.0321195275923776,2.27119357690786,0.0321195275923776,-0.0308488356122306,0.0950878907969857,283,No,1
0.017104205534184,0.95602143216493,0.0135201847528699,-0.00940128716534617,0.0436096982337141,284,No,20
0.00798888097852593,0.56489919140079,0.00798888097852592,-0.00767283003535541,0.0236505919924073,285,No,4
0,0,0,0,0,286,No,0
0,0,0,0,0,287,No,0
0,0,0,0,0,288,No,0
0,0,0,0,0,289,No,0
0,0,0,0,0,290,No,0
0,0,0,0,0,291,No,0
0,0,0,0,0,292,No,0
0.102938430051568,5.31828322555192,0.0752118826611686,-0.0445098514055586,0.250386711508695,293,No,4
0.0618565674793571,2.64391552392791,0.0373906119170761,-0.0114454331452019,0.135158568103916,294,No,4
0.123445039307879,4.74546532087182,0.0671110141654812,-0.00812198647877953,0.255012065094537,295,No,8
0.122571504818913,6.0020929634005,0.0848824127146511,-0.0438352574887627,0.288978267126589,296,No,5
0.138590483564327,4.26307984605116,0.0602890533576495,0.0203974933913523,0.256783473737302,297,Yes,15
0.496057712109772,9.96298474111601,0.140897881426025,0.219836060129461,0.772279364090084,298,Yes,29
0.413627660660183,8.81953274641241,0.124727028237701,0.169107974219751,0.658147347100614,299,Yes,26
0.0836673500958161,2.5029307675404,0.0353967863713653,0.0142741221257696,0.153060578065863,300,Yes,12
0.0150344438560529,0.945090452586783,0.0133655973571756,-0.0111679897386712,0.0412368774507769,301,No,3
0.162186816498773,7.75700688424146,0.109700643391157,-0.052874564368886,0.377248197366432,302,No,4
0.0394422770103806,1.69440014444565,0.0239624366436197,-0.00753460985394968,0.0864191638747109,303,No,3
0.0278637379286222,1.08770203361242,0.0153824296775549,-0.0022925716908095,0.0580200475480539,304,No,7
0.040859989067085,2.16777380008701,0.0306569510824011,-0.019241082623666,0.100961060757836,305,No,7
0.254756415833251,6.8619733429176,0.0970429576619671,0.0645096512463928,0.44500318042011,306,Yes,13
0.0158008451902442,1.11728847825005,0.0158008451902442,-0.0151757423706264,0.0467774327511148,307,No,1
0.02412179936657,1.6362418699799,0.0231399544384829,-0.0212426615966187,0.0694862603297586,308,No,2
0,0,0,0,0,309,No,0
0.00325351666138502,0.229422875924723,0.00324452942651384,-0.00310718421658326,0.00961421753935329,310,No,2
0,0,0,0,0,311,No,0
0.00283301425689952,0.167479245838574,0.00236851420880928,-0.00181031253321715,0.00747634104701618,312,No,2
6.1092779583489e-06,0.000431991187250201,6.1092779583489e-06,-5.86758665439569e-06,1.80861425710935e-05,313,No,1
1.34579330654071e-05,0.000577964041211436,8.17364585645175e-06,-2.56599815570574e-06,2.94818642865199e-05,314,No,3
0.0800643822309579,3.27255573693033,0.0462809270678875,-0.0106665357962521,0.170795300258168,315,No,4
0.0250425793921157,1.29031315900271,0.018247783691701,-0.0107310809730149,0.0608162397572462,316,No,2
0.0208284813926707,1.02887949373453,0.0145505533408693,-0.00769698570707944,0.0493539484924209,317,No,4
0.0810066950526003,3.79770286991609,0.0537076290449856,-0.0242838165477505,0.186297206652951,318,No,5
0.678180054166375,13.2869034548874,0.187905190678437,0.309803456452065,1.04655665188069,319,Yes,29
0.0573831280981715,2.44001740721462,0.0345070570970935,-0.0102658402175263,0.125032096413869,320,No,6
0.0754917713346486,3.72638497022717,0.0526990416351852,-0.0278214665289932,0.17880500919829,321,No,5
6.19504993117478e-06,0.000438056181612294,6.19504993117478e-06,-5.94996537189807e-06,1.83400652342476e-05,322,No,1
0.0363293086465848,2.01332060190872,0.0284726530062448,-0.019489580679841,0.0921481979730105,323,No,2
0.00644978194070455,0.265769190298225,0.00375854393380666,-0.000918612842305265,0.0138181767237144,324,No,3
0.00082130963914049,0.0580753615290104,0.000821309639140471,-0.00078881751830612,0.0024314367965871,325,No,4
0,0,0,0,0,326,No,0
0.00375176053539522,0.265289531596603,0.00375176053539522,-0.0036033358112131,0.0111068568820035,327,No,1
0,0,0,0,0,328,No,0
0,0,0,0,0,329,No,0
0,0,0,0,0,330,No,0
0,0,0,0,0,331,No,0
0,0,0,0,0,332,No,0
0.00103322255561916,0.07305986755532,0.00103322255561916,-0.000992346873019024,0.00305879198425734,333,No,1
0.179803589037748,6.99891390052568,0.09897958960005,-0.0142398236448867,0.373847001720383,334,No,7
0.0575788129112266,2.40141924368653,0.0339611966336524,-0.00900002945625678,0.12415765527871,335,No,19
3.5466001767222e-17,1.12425358699258e-15,1.5899346702715e-17,4.29630803454897e-18,6.66356954998951e-17,336,Yes,5
2.55505354076409e-17,1.41029903243797e-15,1.99446401867543e-17,-1.35497080082307e-17,6.46507788235124e-17,337,No,2
0.0299900836703473,2.12031711731879,0.0299858122384406,-0.0287952614934277,0.0887754288341223,338,No,2
0.298540264260628,16.8727296339427,0.238616430825762,-0.169252608458631,0.766333136979887,339,No,5
0.0253222683217245,1.79055476453167,0.0253222683217245,-0.0243204851173171,0.0749650217607661,340,No,1
7.49538656023733e-18,5.30003866435832e-16,7.49538656023733e-18,-7.19885892411931e-18,2.2189632044594e-17,341,No,1
0,0,0,0,0,342,No,0
0,0,0,0,0,343,No,0
0,0,0,0,0,344,No,0
0,0,0,0,0,345,No,0
0,0,0,0,0,346,No,0
0,0,0,0,0,347,No,0
0.00203006074853041,0.143546972150649,0.00203006074853041,-0.00194974879795923,0.00600987029502005,348,No,1
0,0,0,0,0,349,No,0
7.1193546786476e-18,5.03414397094389e-16,7.1193546786476e-18,-6.83770337266369e-18,2.10764127299589e-17,350,No,1
0,0,0,0,0,351,No,0
0,0,0,0,0,352,No,0
0,0,0,0,0,353,No,0
0,0,0,0,0,354,No,0
-0.00687411828065008,0.486073565092608,0.00687411828065008,-0.020350405419759,0.0066021688584588,355,No,1
-9.95463322466528e-06,0.000703898865738573,9.95463322466528e-06,-2.94700809116399e-05,9.56081446230936e-06,356,No,1
0,0,0,0,0,357,No,0
0,0,0,0,0,358,No,0
0,0,0,0,0,359,No,0
0,0,0,0,0,360,No,0
0,0,0,0,0,361,No,0
0,0,0,0,0,362,No,0
0,0,0,0,0,363,No,0
0,0,0,0,0,364,No,0
0,0,0,0,0,365,No,0
0,0,0,0,0,366,No,0
0,0,0,0,0,367,No,0
0,0,0,0,0,368,No,0
-0.009775972855665,0.691265669893634,0.009775972855665,-0.0289411678506247,0.00938922213929469,369,No,1
-6.4878876421404e-08,4.58762934733388e-06,6.4878876421404e-08,-1.92069933109902e-07,6.23121802670936e-08,370,No,1
-0.132474664696778,4.83104852283374,0.0683213434147398,-0.266414466718868,0.00146513732531162,371,No,4
-0.00124457920139525,0.0880050393030323,0.00124457920139525,-0.00368450036664165,0.00119534196385114,372,No,1
-0.0428341199284122,3.02882966675381,0.0428341199284122,-0.126807784031806,0.0411395441749816,373,No,1
0,0,0,0,0,374,No,0
0,0,0,0,0,375,No,0
0,0,0,0,0,376,No,0
0,0,0,0,0,377,No,0
0,0,0,0,0,378,No,0
0,0,0,0,0,379,No,0
0,0,0,0,0,380,No,0
0,0,0,0,0,381,No,0
-0.083073565454953,4.44385042818951,0.0628455354470309,-0.206278381915449,0.040131251005543,382,No,2
-0.0147554534907488,0.929770827560213,0.0131489451423451,-0.0405331537106344,0.0110222467291369,383,No,2
-0.0448435532824068,2.60497430566665,0.0368398999270722,-0.117065916838582,0.0273788102737686,384,No,2
-0.0255332124625656,1.18289446573973,0.016728653963052,-0.0583287121983602,0.00726228727322889,385,No,3
-0.0326937739160394,1.37293408476699,0.0194162200292177,-0.0707580820334012,0.00537053420132248,386,No,3
-0.470663102505592,11.699830485587,0.165460589501833,-0.795038436664383,-0.146287768346802,387,Yes,13
-0.0451074302556728,3.18957698156855,0.0451074302556728,-0.133537779780483,0.0433229192691375,388,No,1
-0.00115504060035907,0.0816472664214998,0.00115466671503974,-0.0034186938525367,0.00110861265181855,389,No,2
-0.0278392927969204,1.60210745676435,0.0226572209373521,-0.0722573843484541,0.0165787987546133,390,No,3
-1.753569093287e-05,0.00123996059714238,1.75356909328699e-05,-5.19133371335803e-05,1.68419552678404e-05,391,No,1
-0.0745313933502516,3.43145869829684,0.0485281542985451,-0.169667862488273,0.0206050757877699,392,No,4
-0.000719839542939221,0.0475749928159407,0.000672812000701058,-0.00203884619105124,0.000599167105172794,393,No,2
-0.147883032443149,4.28018346571669,0.0605309350666162,-0.266550216866303,-0.0292158480199958,394,Yes,10
-0.335943564595989,12.4708135666436,0.176363936797738,-0.681694242171645,0.00980711297966685,395,No,5
-0.0505121852690669,2.60420879913101,0.0368290740298242,-0.122713325317893,0.0216889547797588,396,No,3
0,0,0,0,0,397,No,0
-0.327889112651,10.8845835545741,0.153931256836618,-0.629661897482687,-0.0261163278193123,398,Yes,7
0,0,0,0,0,399,No,0
0,0,0,0,0,400,No,0
0,0,0,0,0,401,No,0
0,0,0,0,0,402,No,0
0.0141772336073822,1.00248180222458,0.0141772336073822,-0.0136163630592784,0.0419708302740429,403,No,1
0.00485696425494872,0.343439236065491,0.00485696425494872,-0.00466481617590635,0.0143787446858038,404,No,1
-0.0689411759427251,2.52892755678757,0.0357644364906803,-0.139055159415126,0.00117280752967629,405,No,6
-0.00841188186747979,0.591836622949414,0.00836983378884153,-0.0248204274932582,0.0079966637582986,406,No,2
-0.470728371969844,19.2176002165649,0.271777908625302,-1.00353228734773,0.0620755434080419,407,No,3
-0.359958409713389,23.9619980217439,0.338873825839075,-1.02429975423036,0.30438293480358,408,No,4
-5.08680162430813,80.8533646155391,1.14343924802792,-7.32844411625166,-2.8451591323646,409,Yes,32
-11.9106482656776,107.05482980216,1.51398392223758,-14.8787208572563,-8.9425756740988,410,Yes,134
-1.65993916502494,32.572342132411,0.460642480019122,-2.56300048514843,-0.756877844901443,411,Yes,30
-0.134103612134037,3.73059894490447,0.0527586362365866,-0.237533681557398,-0.0306735427106753,412,Yes,20
-0.627839197093921,12.9144419287821,0.182637789261634,-0.985889377503252,-0.269789016684591,413,Yes,22
-0.861337329730859,17.189888404602,0.243101733174681,-1.3379233625169,-0.384751296944815,414,Yes,28
-0.974653706951425,15.6168923421695,0.220856209524166,-1.40762875545777,-0.541678658445075,415,Yes,36
-2.74878927337773,34.7130195881473,0.490916230924808,-3.71120042475614,-1.78637812199932,416,Yes,104
-5.90605320935005,79.8618228180994,1.12941672945193,-8.12020541395368,-3.69190100474642,417,Yes,97
-0.643629493914677,12.2652187058263,0.173456386392518,-0.983680097308823,-0.303578890520531,418,Yes,28
-0.46248568942568,13.5902654268601,0.192195376829157,-0.839272933871234,-0.0856984449801265,419,Yes,9
-0.115946533850909,4.07761023930887,0.0576661170250201,-0.228997418269665,-0.00289564943215369,420,Yes,9
-0.0921285099116335,4.49481472253452,0.0635662794096258,-0.216746300690749,0.0324892808674816,421,No,4
-0.586489442329449,21.3337200303851,0.301704362028412,-1.17796233351631,0.00498344885740987,422,No,6
-0.178383862075507,9.68987322105422,0.137035501268907,-0.447033554727707,0.0902658305766938,423,No,2
-0.468072320114966,19.0588734079191,0.269533172570312,-0.996475568179095,0.0603309279491633,424,No,6
-0.347924664803784,9.6842822068004,0.136956432387056,-0.616419347764254,-0.0794299818433138,425,Yes,8
-0.097683303484759,6.86545900698514,0.0970922523959491,-0.288026707373193,0.0926601004036746,426,No,2
-1.4693040374257e-17,1.03895484848848e-15,1.4693040374257e-17,-4.34978445609085e-17,1.41117638123945e-17,427,No,1
-0.0862884213176842,3.44062311832181,0.0486577587694511,-0.18167897206925,0.00910212943388139,428,No,6
-0.126313070489797,4.99939417189699,0.0707021104154574,-0.26492022014879,0.0122940791691956,429,No,5
-0.03267675546935,2.3105955379552,0.03267675546935,-0.0967375297389721,0.0313840188002721,430,No,1
-0.00522758252011268,0.369645904918394,0.00522758252011268,-0.0154759373211538,0.00502077228092846,431,No,1
-0.240162347798664,7.5842961698697,0.10725814504484,-0.450435360513796,-0.0298893350835315,432,Yes,6
-0.0287670263604072,1.4867327663743,0.02102557641831,-0.0699863789391973,0.0124523262183829,433,No,9
-0.0415172058866437,2.09730795838246,0.029660413592175,-0.0996646269687084,0.016630215195421,434,No,4
-1.92080662882525e-05,0.0013582153925904,1.92080662882525e-05,-5.6864301767379e-05,1.84481691908741e-05,435,No,1
-0.00682277808103684,0.481854398008303,0.00681445024752465,-0.0201820897020363,0.00653653353996267,436,No,2
-0.092699847119955,5.57668079041805,0.0788661760683471,-0.247312146598755,0.061912452358845,437,No,3
-0.164944667547158,7.39915959390925,0.104639918478695,-0.370084807716303,0.0401954726219858,438,No,4
0,0,0,0,0,439,No,0
0,0,0,0,0,440,No,0
-0.243609891126649,9.85023122698035,0.139303305937066,-0.516705475693387,0.0294856934400886,441,No,7
-0.644069293243173,14.8296933797973,0.209723535035439,-1.05521941644112,-0.232919170045227,442,Yes,19
-0.704857036089138,13.3131534916555,0.188276422258539,-1.07396141053994,-0.335752661638335,443,Yes,58
-0.0702094003698747,2.47759064212053,0.0350384228809552,-0.138900078703769,-0.00151872203598066,444,Yes,15
0,0,0,0,0,445,No,0
0,0,0,0,0,446,No,0
0.048137998944888,3.40387054866811,0.0481379989448879,-0.046233594559622,0.142509592449398,447,No,1
0,0,0,0,0,448,No,0
0,0,0,0,0,449,No,0
0,0,0,0,0,450,No,0
0,0,0,0,0,451,No,0
0,0,0,0,0,452,No,0
-0.0358757700257641,2.28274099931232,0.0322828328061259,-0.0991642830826058,0.0274127430310777,453,No,7
-0.00304217128692756,0.215113994651749,0.00304217128692756,-0.00900616144758438,0.00292181887372926,454,No,1
0.0688228278184927,2.53808074736466,0.0358938821532115,-0.00154492593337743,0.139190581570363,455,No,5
0,0,0,0,0,456,No,0
0,0,0,0,0,457,No,0
-0.0217506684384142,1.53800451481429,0.0217506684384142,-0.0643915194358025,0.0208901825589741,458,No,1
0.000869836102496306,0.0615067006596015,0.000869836102496306,-0.000835424209098887,0.0025750964140915,459,No,1
0.0174371579646519,1.23299326414264,0.0174371579646519,-0.0167473203971935,0.0516216363264973,460,No,1
0,0,0,0,0,461,No,0
0.0942861074245516,6.12659244518337,0.0866431012711087,-0.075572376773938,0.264144591623041,462,No,2
0.0792331376693287,4.48199213814241,0.0633849406821058,-0.0450291496602198,0.203495424998877,463,No,2
0,0,0,0,0,464,No,0
0,0,0,0,0,465,No,0
0.105862919139212,4.73013133017346,0.0668941587893719,-0.0252789749873855,0.237004813265809,466,No,5
0.115794155726233,7.56920901226814,0.107044780415863,-0.094060568724421,0.325648880176886,467,No,3
0.0319000223136196,2.40407793990539,0.0339987962761618,-0.0347525318461398,0.0985525764733791,468,No,3
0.188432848624733,6.3809791356061,0.0902406723479389,0.011521547053114,0.365344150196353,469,Yes,9
0.287503664586452,10.4089482381716,0.147204757684618,-0.00108223135091856,0.576089560523822,470,No,4
0.787297149790925,18.1299890234048,0.256396763625745,0.284647025500075,1.28994727408177,471,Yes,16
7.88521634155411,64.1484749013781,0.90719643211079,6.10671339593067,9.66371928717756,472,Yes,116
2.71763417935966,36.3041087094946,0.513417629068345,1.71111041745675,3.72415794126258,473,Yes,51
1.23180318769178,22.3211093088625,0.315668155118058,0.612955136877994,1.85065123850556,474,Yes,31
0.213305369933895,8.27493983791461,0.117025321466003,-0.0161155929060447,0.442726332773835,475,No,5
0.00511677070951978,0.361810326647814,0.00511677070951978,-0.0049143443355285,0.0151478857545681,476,No,1
0,0,0,0,0,477,No,0
-0.0414392468148024,2.93019724300098,0.0414392468148024,-0.122678347759086,0.0397998541294817,478,No,1
-2.78046034699838e-05,0.00196608236618286,2.78046034699838e-05,-8.23138226676392e-05,2.67046157276715e-05,479,No,1
0.131968481681707,6.10095628552014,0.0862805512242796,-0.0371792453936297,0.301116208757044,480,No,3
0.328682216951632,10.7669459569888,0.152267609977118,0.030170909717706,0.627193524185557,481,Yes,8
0.154266262343422,5.37149538486176,0.0759644162349599,0.00534268498532489,0.30318983970152,482,Yes,6
0.0347288959953042,1.47655062712271,0.0208815792240744,-0.00620815891889567,0.075665950909504,483,No,3
0.285353461689622,10.3756450079483,0.146733778886092,-0.00230910920935901,0.573016032588603,484,No,7
0.223375541099998,11.1082104913949,0.157093819306258,-0.0845972534196524,0.531348335619648,485,No,4
0,0,0,0,0,486,No,0
0,0,0,0,0,487,No,0
-0.0798057261891491,4.05882674244762,0.0574004782649203,-0.192335842116554,0.0327243897382554,488,No,2
-0.00412975380181668,0.290907713266926,0.00411405633501031,-0.0121951088355136,0.0039356012318802,489,No,2
-0.0253719252803005,1.79406604174589,0.0253719252803005,-0.0751120281400102,0.0243681775794092,490,No,1
0,0,0,0,0,491,No,0
0,0,0,0,0,492,No,0
0,0,0,0,0,493,No,0
0.0356045827506095,2.32939443595735,0.0329426120344731,-0.0289773870037486,0.100186552504968,494,No,2
0.480248080706836,11.4087872609189,0.161344616746209,0.163941858606776,0.796554302806896,495,Yes,15
0,0,0,0,0,496,No,0
0,0,0,0,0,497,No,0
-0.0681634653844618,4.81988486025274,0.0681634653844617,-0.201793757214536,0.0654668264456121,498,No,1
-0.0299102991407569,1.85895796513114,0.0262896356616995,-0.0814495168986036,0.0216289186170897,499,No,2
0,0,0,0,0,500,No,0
0.260019509740058,8.91362656633594,0.126057715800414,0.0128910919750511,0.507147927505065,501,Yes,8
0.179931842896253,9.9854112374857,0.14121503997925,-0.0969115789689207,0.456775264761426,502,No,6
0.00941877158112717,0.666007725546216,0.00941877158112717,-0.0090461522305918,0.0278836953928461,503,No,1
0,0,0,0,0,504,No,0
0,0,0,0,0,505,No,0
1.45071421743593e-05,0.00102580986071268,1.45071421743593e-05,-1.3933219996868e-05,4.29475043455866e-05,506,No,1
0.598991441855557,17.6161413356833,0.249129859936046,0.110587636399561,1.08739524731155,507,Yes,8
0,0,0,0,0,508,No,0
0,0,0,0,0,509,No,0
-0.166061390595433,7.09182260298369,0.100293517070836,-0.362680677470707,0.0305578962798413,510,No,4
-0.0088313463178061,0.624470486832754,0.0088313463178061,-0.0261446589412851,0.00848196630567292,511,No,1
0,0,0,0,0,512,No,0
0,0,0,0,0,513,No,0
0,0,0,0,0,514,No,0
-0.0208346002127614,1.44440411024908,0.0204269588226169,-0.0608803997223832,0.0192111992968603,515,No,2
-0.193097495741102,8.53467528465042,0.120698535380031,-0.429719569095558,0.0435245776133535,516,No,4
-0.00533300779649158,0.376744235872422,0.00532796807916668,-0.0157781623270689,0.00511214673408574,517,No,2
-0.137358483917494,5.26720445520187,0.0744895197633848,-0.28339061723289,0.0086736493979033,518,No,6
-3.68753254333202e-06,0.000260747926723615,3.68753254333202e-06,-1.09167138521022e-05,3.54164876543813e-06,519,No,1
-0.0614805157655584,2.36873821418252,0.0334990170820835,-0.127153283478449,0.00419225194733257,520,No,7
-0.189198372525354,5.66112865328877,0.0800604491981992,-0.346151971202586,-0.032244773848123,521,Yes,9
-0.199625084489695,5.66394508138897,0.0801002795063666,-0.356656768042366,-0.0425934009370241,522,Yes,9
-0.090050002617681,3.62269979450729,0.0512327118179844,-0.19048859083893,0.0103885856035682,523,No,6
-0.296210632553167,7.18427954896286,0.101601055740229,-0.495393268767924,-0.0970279963384095,524,Yes,15
-1.22372895945183,18.8947862060119,0.267212629106821,-1.74758292442887,-0.699874994474786,525,Yes,37
-0.89644923893024,16.6003951773336,0.234765040005382,-1.35669169624183,-0.436206781618651,526,Yes,28
-0.183324107351863,6.02959672603714,0.0852713746560213,-0.350493405681482,-0.0161548090222452,527,Yes,15
0,0,0,0,0,528,No,0
0,0,0,0,0,529,No,0
0,0,0,0,0,530,No,0
0,0,0,0,0,531,No,0
0,0,0,0,0,532,No,0
0,0,0,0,0,533,No,0
0,0,0,0,0,534,No,0
0,0,0,0,0,535,No,0
0.0250803260093564,1.77344685955852,0.0250803260093564,-0.0240881143702561,0.0742487663889688,536,No,2
0.00873399910221375,0.617646568283751,0.00873484153620081,-0.00839012181781862,0.0258581200222461,537,No,2
0.518617296007951,12.052843782035,0.170452951417181,0.18445474261219,0.852779849403712,538,Yes,13
0.0513297097679151,2.34156075091398,0.0331146697106308,-0.0135895685042373,0.116248988040068,539,No,4
0.062261004976018,4.19046783620711,0.0592621644665233,-0.0539188325289655,0.178440842481002,540,No,2
0,0,0,0,0,541,No,0
0,0,0,0,0,542,No,0
-0.000541752871596576,0.0383077129233224,0.000541752871596576,-0.00160382613801436,0.00052032039482121,543,No,1
-0.0167357946864416,1.35358059431801,0.0191425203424957,-0.0542635313603746,0.0207919419874913,544,No,4
0.0381337710322564,4.89632473029144,0.0692444883936095,-0.0976158000828809,0.173883342147394,545,No,3
0,0,0,0,0,546,No,0
0,0,0,0,0,547,No,0
-0.00409725865869878,0.28971993818412,0.00409725865869878,-0.0121296828785804,0.00393516556118286,548,No,1
0,0,0,0,0,549,No,0
0,0,0,0,0,550,No,0
0,0,0,0,0,551,No,0
0,0,0,0,0,552,No,0
0,0,0,0,0,553,No,0
0.00614375400392155,0.762539571109406,0.0107839380330908,-0.0149974948793528,0.0272850028871959,554,No,3
-0.0243805040820791,1.72396197651845,0.0243805040820791,-0.0721769865096761,0.0234159783455178,555,No,1
-0.0029393406219485,0.207842768599687,0.0029393406219485,-0.00870173757291847,0.00282305632902146,556,No,1
0,0,0,0,0,557,No,0
0,0,0,0,0,558,No,0
0,0,0,0,0,559,No,0
0,0,0,0,0,560,No,0
0,0,0,0,0,561,No,0
0,0,0,0,0,562,No,0
0,0,0,0,0,563,No,0
0,0,0,0,0,564,No,0
0,0,0,0,0,565,No,0
0,0,0,0,0,566,No,0
0,0,0,0,0,567,No,0
0,0,0,0,0,568,No,0
0,0,0,0,0,569,No,0
0,0,0,0,0,570,No,0
0,0,0,0,0,571,No,0
0,0,0,0,0,572,No,0
0,0,0,0,0,573,No,0
0,0,0,0,0,574,No,0
0,0,0,0,0,575,No,0
0,0,0,0,0,576,No,0
0,0,0,0,0,577,No,0
0,0,0,0,0,578,No,0
0,0,0,0,0,579,No,0
0,0,0,0,0,580,No,0
0,0,0,0,0,581,No,0
0,0,0,0,0,582,No,0
0,0,0,0,0,583,No,0
0,0,0,0,0,584,No,0
0,0,0,0,0,585,No,0
0,0,0,0,0,586,No,0
-0.0427421497805963,2.13831735207056,0.0302403739995591,-0.10202654765883,0.0165422480976376,587,No,6
0,0,0,0,0,588,No,0
0,0,0,0,0,589,No,0
0,0,0,0,0,590,No,0
0,0,0,0,0,591,No,0
0,0,0,0,0,592,No,0
0,0,0,0,0,593,No,0
0,0,0,0,0,594,No,0
0,0,0,0,0,595,No,0
0,0,0,0,0,596,No,0
0,0,0,0,0,597,No,0
0,0,0,0,0,598,No,0
0,0,0,0,0,599,No,0
0,0,0,0,0,600,No,0
0,0,0,0,0,601,No,0
-0.0134429182571733,0.950557865858368,0.0134429182571733,-0.0397969347324476,0.012911098218101,602,No,1
-0.032150873718932,1.3569513016409,0.0191901893426039,-0.0697720625429248,0.00547031510506067,603,No,5
-0.178685218062016,5.94839084243715,0.0841229500367053,-0.343603100385149,-0.0137673357388819,604,Yes,11
-0.00245277424392715,0.173437330060059,0.00245277424392715,-0.00726128766325793,0.00235573917540363,605,No,1
0,0,0,0,0,606,No,0
0.00795972281133183,0.562837397625799,0.00795972281133183,-0.0076448254047164,0.0235642710273801,607,No,1
0.00883518438042835,0.624741878843435,0.00883518438042835,-0.00848565252934364,0.0261560212902003,608,No,1
0,0,0,0,0,609,No,0
0,0,0,0,0,610,No,0
0,0,0,0,0,611,No,0
0.00703340507222006,0.339241755527058,0.00479760291589623,-0.00237200109543892,0.016438811239879,612,No,3
0.025789201589474,0.952383850537632,0.0134687415801543,-0.000615439926157486,0.0521938431051055,613,No,4
0.0219845511981453,1.1909811963531,0.0168430176041389,-0.0110351514394089,0.0550042538356996,614,No,3
0.0686766042043678,4.16787149947111,0.0589426040078034,-0.0468767546273963,0.184229963036132,615,No,4
0.174034082561287,5.21918589956334,0.0738104348370889,0.0293332535797661,0.318734911542808,616,Yes,8
0,0,0,0,0,617,No,0
0,0,0,0,0,618,No,0
0,0,0,0,0,619,No,0
-0.0927469518882654,4.63734925368308,0.0655820220801936,-0.221316482500486,0.0358225787239556,620,No,3
-0.050425016882082,2.39719485965904,0.0339014548218089,-0.116886739092806,0.0160367053286418,621,No,3
-0.011424804780864,0.807855693428143,0.011424804780864,-0.0338224336038331,0.0109728240421051,622,No,1
-0.000239316806795646,0.0169222536937112,0.000239316806795646,-0.00070848272363346,0.000229849110042168,623,No,1
0,0,0,0,0,624,No,0
-0.113919351563103,4.51999301853851,0.0639223542864886,-0.239235205291925,0.0113965021657192,625,No,4
-0.0973170996845647,3.74848123034499,0.0530115299425487,-0.201242951702592,0.00660875233346229,626,No,5
-0.125062162903838,4.42582875024301,0.0625906704333443,-0.247767332141821,-0.00235699366585478,627,Yes,7
0.00856197633850884,0.605423152931837,0.00856197633850884,-0.00822325296730542,0.0253472056443231,628,No,1
-0.00487965548774681,0.345043748523992,0.00487965548774681,-0.0144459206883196,0.00468660971282602,629,No,1
0.00851512781729838,0.602110462228189,0.00851512781729838,-0.00817825783699595,0.0252085134715927,630,No,1
-0.0195263322615466,1.09650521434041,0.0155069254533303,-0.0499267082111545,0.0108740436880614,631,No,2
-0.0731835849998495,2.70478224517607,0.0382513973439395,-0.148173102641715,0.00180593264201546,632,No,6
-1.74543723076127,28.6746592906634,0.405520920652839,-2.54043611563886,-0.950438345883685,633,Yes,29
-0.132255885338385,4.81123235705089,0.0680411005106964,-0.265646288340935,0.00113451766416572,634,No,8
-0.416659586658623,10.5881737203854,0.149739388761315,-0.710214471313779,-0.123104702003467,635,Yes,18
-0.00185918445343044,0.131464193449727,0.00185918445343044,-0.00550400150720775,0.00178563260034687,636,No,1
-0.0135441932735163,0.957719090940459,0.0135441932735163,-0.0400967532047707,0.0130083666577381,637,No,1
0,0,0,0,0,638,No,0
0,0,0,0,0,639,No,0
0,0,0,0,0,640,No,0
0.0414824999719577,2.43491201592497,0.0344348559610631,-0.0260249224463333,0.108989922390249,641,No,3
0,0,0,0,0,642,No,0
-0.0497407947623731,3.51720532780823,0.0497407947623731,-0.147254571130189,0.0477729816054423,643,No,1
0.0148162823000744,1.04766936863568,0.0148162823000744,-0.0142301301208385,0.0438626947209873,644,No,1
0.0077879487980095,0.550691140660614,0.0077879487980095,-0.00747984700382949,0.0230557445998485,645,No,1
-0.0338354884569562,2.39253033326729,0.0338354884569562,-0.100167887656643,0.0324969107427306,646,No,1
0.000860797710335982,0.0608675898208427,0.000860797710335982,-0.000826743387964429,0.00254833880863639,647,No,1
0,0,0,0,0,648,No,0
0,0,0,0,0,649,No,0
0,0,0,0,0,650,No,0
0,0,0,0,0,651,No,0
0,0,0,0,0,652,No,0
0,0,0,0,0,653,No,0
0,0,0,0,0,654,No,0
0,0,0,0,0,655,No,0
0,0,0,0,0,656,No,0
0,0,0,0,0,657,No,0
0,0,0,0,0,658,No,0
-0.00149663124476159,0.105827810210659,0.00149663124476159,-0.00443068497679337,0.00143742248727018,659,No,1
0.00592921859616365,0.395572224918208,0.0055942360537743,-0.00503793796220274,0.01689637515453,660,No,2
-0.0205438615146068,1.45267037887358,0.0205438615146068,-0.0608188415795044,0.0197311185502907,661,No,1
-0.078264371070233,3.42098305841972,0.0483800063786576,-0.173110405300684,0.0165816631602183,662,No,3
0,0,0,0,0,663,No,0
-0.011547346953148,0.577313362945507,0.00816444387616756,-0.027553238256486,0.00445854435018986,664,No,3
-0.00733460164621837,0.366077033485833,0.00517711105628975,-0.0174840102390275,0.00281480694659072,665,No,3
-0.0261330816003714,1.51527411847314,0.0214292120905765,-0.0681437371502439,0.0158775739495011,666,No,5
-0.0126805712489365,0.640374287085568,0.00905626001791413,-0.0304348133822709,0.00507367088439796,667,No,2
-0.0240234642136866,1.69871544530901,0.0240234642136866,-0.0711199918848878,0.0230730634575147,668,No,1
0,0,0,0,0,669,No,0
0,0,0,0,0,670,No,0
0,0,0,0,0,671,No,0
0,0,0,0,0,672,No,0
0,0,0,0,0,673,No,0
0.0495336830790662,3.23485220208362,0.0457477185645913,-0.0401519123915534,0.139219278549686,674,No,2
0.07928639508834,3.68528500424546,0.0521178003421412,-0.0228873548813828,0.181460145058063,675,No,6
0.0106235792549349,0.751200493163717,0.0106235792549349,-0.0102032960823111,0.0314504545921808,676,No,1
0.0150936773739074,0.965085955046711,0.0136483764648285,-0.011663127311928,0.0418504820597428,677,No,2
0,0,0,0,0,678,No,0
0.0358917709432761,2.53793146227848,0.0358917709432761,-0.0344718439110455,0.106255385797598,679,No,1
0.00019519236960558,0.0138021848183977,0.00019519236960558,-0.000187470295302639,0.000577855034513799,680,No,1
0.117266621379145,5.2271391392374,0.0739229106312075,-0.0276547094959797,0.262187952254271,681,No,6
0.00835024083621056,0.450795384036355,0.00637520945959401,-0.00414796616893968,0.0208484478413608,682,No,2
0.403576691680811,13.419653210308,0.189782555723612,0.0315196349780481,0.775633748383574,683,Yes,24
0.190960505954553,8.91120392251952,0.126023454442994,-0.0561007445212812,0.438021756430386,684,No,15
0.26202395694207,9.97787353682753,0.141108440794251,-0.0146104837611287,0.538658397645269,685,No,6
0.328287274377834,11.2603307698425,0.159245124915183,0.0160969772016669,0.640477571554002,686,Yes,10
0.0187116371374852,0.889162487381388,0.0125746564880816,-0.005940205410243,0.0433634796852133,687,No,4
0.115978617065434,4.83545701950136,0.06838368897251,-0.0180834095975564,0.250040643728424,688,No,3
0.0460827779553267,2.08522082781255,0.0294894757523536,-0.0117295299793752,0.103895085890029,689,No,3
0.00219398797248967,0.109688425941423,0.00155122859601717,-0.000847100516948886,0.00523507646192823,690,No,2
0.0133495188532731,0.943953530672707,0.0133495188532731,-0.0128213938210201,0.0395204315275663,691,No,1
0.51003330869122,18.2840002923652,0.258574811878966,0.00311325443046229,1.01695336295198,692,Yes,14
1.65270916392773e-17,1.16864185714245e-15,1.65270916392773e-17,-1.58732575272784e-17,4.8927440805833e-17,693,No,1
0,0,0,0,0,694,No,0
0,0,0,0,0,695,No,0
0,0,0,0,0,696,No,0
0,0,0,0,0,697,No,0
0,0,0,0,0,698,No,0
-0.0063991705195719,0.452489686835833,0.0063991705195719,-0.0189443517127178,0.00614601067357396,699,No,1
-3.27726932840431e-05,0.00231737936588937,3.27726932840431e-05,-9.70215477532657e-05,3.14761611851795e-05,700,No,1
-0.00657390442743117,0.464845239950885,0.00657390442743117,-0.0194616407264265,0.0063138318715642,701,No,1
0,0,0,0,0,702,No,0
0.0199522753090701,1.41083891711444,0.0199522753090701,-0.0191629362956615,0.0590674869138017,703,No,1
0.0319979877259612,2.26259941053511,0.0319979877259612,-0.0307321040274142,0.0947280794793366,704,No,1
0.0277758443644533,1.48399201438327,0.0209868163319419,-0.0133675214430727,0.0689192101719794,705,No,2
0.0708507722224452,3.35615058935811,0.0474631368083669,-0.0221977954684603,0.163899339913351,706,No,3
0.182356969076711,4.66848624692193,0.0660223656614926,0.0529241718899019,0.31178976626352,707,Yes,12
0,0,0,0,0,708,No,0
0,0,0,0,0,709,No,0
-0.00709644287279181,0.501794287765403,0.00709644287279181,-0.0210085837344386,0.00681569798885498,710,No,1
0,0,0,0,0,711,No,0
0,0,0,0,0,712,No,0
0,0,0,0,0,713,No,0
0,0,0,0,0,714,No,0
-0.102172699245678,4.21623099578553,0.0596265105633772,-0.219066814919694,0.0147214164283381,715,No,3
-0.208309804325774,6.40391214766534,0.0905649941147413,-0.385856918822986,-0.0307626898285614,716,Yes,11
-0.147213970224578,6.87140459545254,0.097176335714418,-0.337722214300077,0.0432942738509219,717,No,5
-0.0321139558829648,2.26936659870228,0.0320936902188126,-0.0950316665019079,0.0308037547359783,718,No,2
-0.0934638103008703,5.56370217869427,0.0786826307811418,-0.24771628050522,0.0607886599034796,719,No,6
-0.158471503730668,11.2053219101914,0.158467182161491,-0.469136691867605,0.15219368440627,720,No,2
-0.0454803847638115,2.72555001652956,0.0385450979830232,-0.121045684489085,0.0300849149614623,721,No,2
0,0,0,0,0,722,No,0
0.0356478612943211,2.39439078377657,0.0338617992003798,-0.0307361185035956,0.102031841092238,723,No,2
0.154181563001976,3.80397725766343,0.0537963622874644,0.0487170953238266,0.259646030680126,724,Yes,13
0.00415413359326496,0.261987492459552,0.00370506265008418,-0.00310941441426224,0.0114176816007921,725,No,4
0.0235237021522358,0.982599346798612,0.0138960532262154,-0.00371865762850246,0.050766061932974,726,No,4
0.0846736849395114,3.25102467983946,0.0459764319383861,-0.00546028906810397,0.174807658947127,727,No,5
0.290856316192253,5.45239073612174,0.0771084492638078,0.139689932271344,0.442022700113161,728,Yes,33
0.0430733469904819,2.06353269271399,0.0291827592043639,-0.0141376619699705,0.100284355950934,729,No,3
0.0547028275190957,1.79181659402039,0.025340113285488,0.00502509012344396,0.104380564914747,730,Yes,8
0.0553421487000918,3.20724474206795,0.0453572901208229,-0.0335780357606085,0.144262333160792,731,No,2
1.07657970430178e-17,5.3823612303382e-16,7.61180824953542e-18,-4.15668602034841e-18,2.56882801063841e-17,732,No,2
0,0,0,0,0,733,No,0
0,0,0,0,0,734,No,0
0,0,0,0,0,735,No,0
0,0,0,0,0,736,No,0
-0.0929225201789541,6.19566175053593,0.0876198887548415,-0.264695936310129,0.0788508959522206,737,No,2
-0.0553059852421834,3.9107237204951,0.0553059852421834,-0.163729976102652,0.0531180056182849,738,No,1
-0.00748370233991154,0.529177667293308,0.00748370233991154,-0.0221550416271854,0.00718763694736232,739,No,1
0,0,0,0,0,740,No,0
0,0,0,0,0,741,No,0
0.0983859342938716,2.69655269656549,0.0381350139513666,0.0236245791526362,0.173147289435107,742,Yes,11
0.17277494160665,4.21235623491694,0.0595717131696641,0.0559882528610052,0.289561630352295,743,Yes,15
-0.36417721854909,11.7170283126314,0.165703803504329,-0.689029358837783,-0.0393250782603969,744,Yes,9
-1.27654901767422,26.6732878025365,0.37721725363428,-2.01606029988638,-0.537037735462055,745,Yes,19
-0.727678778332919,21.5125950976217,0.304234037488975,-1.32411094305618,-0.131246613609661,746,Yes,20
-0.199224885949599,9.85533442179988,0.139375476010318,-0.472461955517073,0.0740121836178744,747,No,11
0.0797872257424625,2.75899866799373,0.0390181333484604,0.00329456920554798,0.156279882279377,748,Yes,9
0.0203611728794953,2.12088922112985,0.0299939030081274,-0.0384400337418549,0.0791623795008456,749,No,13
0.0394953393185007,4.69091794162207,0.0663395977302121,-0.0905593718757861,0.169550050512788,750,No,13
-0.0668093318612943,4.4195933885949,0.0625024891032537,-0.189341627011854,0.0557229632892651,751,No,5
-0.0432042038657025,4.52727286214068,0.0640253068220301,-0.168721889723972,0.082313481992567,752,No,3
0.0603637349173681,2.53525043064696,0.0358538554303316,-0.00992554890006909,0.130653018734805,753,No,3
0.274436505872314,5.96244048743761,0.0843216420217671,0.109129100102883,0.439743911641744,754,Yes,18
0.173553397356786,4.67827995678063,0.0661608696345738,0.0438490716284326,0.303257723085139,755,Yes,18
0,0,0,0,0,756,No,0
0,0,0,0,0,757,No,0
0,0,0,0,0,758,No,0
0,0,0,0,0,759,No,0
-0.000205592291989328,0.0145375703825338,0.000205592291989328,-0.000608643366660926,0.000197458782682271,760,No,1
-0.00200913303274882,0.142067159176259,0.00200913303274882,-0.00594791507643389,0.00192964901093624,761,No,1
0,0,0,0,0,762,No,0
0,0,0,0,0,763,No,0
0,0,0,0,0,764,No,0
0,0,0,0,0,765,No,0
0,0,0,0,0,766,No,0
0,0,0,0,0,767,No,0
-0.100819796779669,5.23817019217593,0.0740789132779368,-0.246046961272424,0.0444073677130857,768,No,3
-0.00772308630830473,0.544218694331866,0.00769641458421102,-0.0228114348999214,0.00736526228331195,769,No,2
0,0,0,0,0,770,No,0
0,0,0,0,0,771,No,0
0,0,0,0,0,772,No,0
0,0,0,0,0,773,No,0
0.00779198673416721,0.550976665864526,0.00779198673416721,-0.0074837251937681,0.0230676986621025,774,No,1
0.03542383753805,2.50484357388057,0.03542383753805,-0.0340224225846024,0.104870097660702,775,No,1
0.0650872076297497,3.28593609007644,0.0464701538367732,-0.0260146778681668,0.156189093127666,776,No,2
0.148971863596704,6.03186743474258,0.0853034873264957,-0.0182603896531601,0.316204116846567,777,No,4
0.128704216356877,5.06598769779317,0.0716438850903436,-0.0117492247712097,0.269157657484964,778,No,6
0.277596299260766,9.20433577805312,0.130168964899586,0.0224080298756897,0.532784568645843,779,Yes,17
0.358572537945124,9.44167557296845,0.133525456468187,0.0968040727717689,0.62034100311848,780,Yes,19
0.346239082970112,10.8812207083364,0.153883699009044,0.044559532341553,0.647918633598671,781,Yes,24
0.482549582605442,12.4252717702878,0.175719878537126,0.138061541734592,0.827037623476292,782,Yes,17
0.00499636340247921,0.353296244316534,0.00499636340247921,-0.0047987005045063,0.0147914273094647,783,No,1
0,0,0,0,0,784,No,0
0.497632790692889,11.2139646720955,0.158589409272502,0.186727983803856,0.808537597581923,785,Yes,11
1.13065310068613,17.0422447669166,0.241013736826553,0.658160456635047,1.60314574473722,786,Yes,48
0.352286124350622,8.11981277127343,0.114831493450652,0.127166026736105,0.577406221965139,787,Yes,19
0.282539374703059,5.88840360013705,0.0832746023204038,0.11928462602877,0.445794123377348,788,Yes,18
0.213188254664852,5.58657682730075,0.0790061271640797,0.0583015896493356,0.368074919680369,789,Yes,11
1.52549304354266,19.3179909113735,0.273197647446646,0.989905817311248,2.06108026977408,790,Yes,92
0.29015768057585,8.12694099221575,0.114932301717974,0.064839954538172,0.515475406613529,791,Yes,14
0.119086228632353,4.96679868021674,0.070241140551393,-0.0186172178901817,0.256789675154888,792,No,4
0.021340110534935,1.50845746104574,0.0213328099967377,-0.0204815546245568,0.0631617756944269,793,No,2
0,0,0,0,0,794,No,0
0.000685453147748844,0.0484688568958872,0.000685453147748844,-0.000658335693573781,0.00202924198907147,795,No,1
0,0,0,0,0,796,No,0
0,0,0,0,0,797,No,0
0,0,0,0,0,798,No,0
0,0,0,0,0,799,No,0
0,0,0,0,0,800,No,0
0,0,0,0,0,801,No,0
0,0,0,0,0,802,No,0
1.9686567980582e-06,9.84229941574588e-05,1.39191133186846e-06,-7.60099969662844e-07,4.69741356577925e-06,803,No,2
0,0,0,0,0,804,No,0
0,0,0,0,0,805,No,0
0,0,0,0,0,806,No,0
0,0,0,0,0,807,No,0
0,0,0,0,0,808,No,0
1.7674263181744e-06,0.000124975913482869,1.7674263181744e-06,-1.69750454110138e-06,5.23235717745019e-06,809,No,1
0.0548694560506274,3.87985644534159,0.0548694560506274,-0.0526987461123185,0.162437658213573,810,No,1
0,0,0,0,0,811,No,0
0,0,0,0,0,812,No,0
-0.00507480305627792,0.254580105460684,0.00360030637852872,-0.0121329828205676,0.00198337670801177,813,No,2
-0.00674856345578303,0.337612602335932,0.00477456321051549,-0.0161088016946059,0.00261167478303986,814,No,2
-0.00053174741217201,0.0376002201025227,0.000531747412172011,-0.00157420558925627,0.000510710764912253,815,No,1
0,0,0,0,0,816,No,0
0,0,0,0,0,817,No,0
-0.0688918573651564,4.22608970159863,0.0597659337180605,-0.186059303579853,0.0482755888495405,818,No,2
-0.198455043437473,7.18888958908609,0.101666251552883,-0.397765492042956,0.000855405168011331,819,No,14
-0.210648095779294,6.73652916004645,0.0952689090145952,-0.397416946836787,-0.0238792447218014,820,Yes,7
-6.48444977280559e-17,2.29818878260216e-15,3.25012974524968e-17,-1.28561297320572e-16,-1.1276981355394e-18,821,Yes,4
0,0,0,0,0,822,No,0
0,0,0,0,0,823,No,0
0,0,0,0,0,824,No,0
0,0,0,0,0,825,No,0
0,0,0,0,0,826,No,0
0.0107636379757046,0.761104140285776,0.0107636379757046,-0.0103378138905403,0.0318650898419495,827,No,1
0.00801508424728858,0.566752042303923,0.00801508424728858,-0.00769799666734394,0.0237281651619211,828,No,1
0,0,0,0,0,829,No,0
0,0,0,0,0,830,No,0
0,0,0,0,0,831,No,0
0.0634750464220288,2.39645942946229,0.0338910542682246,-0.00296628614150168,0.129916378985559,832,No,4
0.123843812894682,6.63179761194691,0.0937877812572882,-0.0600213780667435,0.307709003856107,833,No,3
-3.53392337361324e-06,0.000249886118167556,3.53392337361324e-06,-1.04619633295851e-05,3.39411658235863e-06,834,No,1
-0.0456738446305491,3.22630488312104,0.0456268412206031,-0.135122467484508,0.0437747782234104,835,No,2
-0.13278265359077,4.68686198537761,0.0662822378469191,-0.262724914253081,-0.00284039292845883,836,Yes,5
-1.44679479345773,19.7879489569387,0.279843857864492,-1.99541150744613,-0.898178079469323,837,Yes,31
-0.131657096444665,5.8530128684792,0.0827741017934754,-0.293930644543289,0.0306164516539593,838,No,3
-0.186606432150982,9.94676591706134,0.140668512616586,-0.462378420652931,0.0891655563509678,839,No,3
0,0,0,0,0,840,No,0
-0.253389580886866,6.50881217655362,0.0920485045502127,-0.433845026574503,-0.0729341351992303,841,Yes,14
-3.19434984661472,42.931218545679,0.607139115165025,-4.38460883188412,-2.00409086134533,842,Yes,61
-1.64852406170789,25.5025754989107,0.360660881460033,-2.35557759206115,-0.94147053135463,843,Yes,42
-0.496724787932436,13.8402962998164,0.195731347344625,-0.88044408562997,-0.113005490234902,844,Yes,14
-0.279109265989024,10.4719499472673,0.148095736399176,-0.569441871031767,0.0112233390537179,845,No,8
-0.241790152877771,11.1679111410709,0.157938113990801,-0.55141813532617,0.0678378295706289,846,No,7
0,0,0,0,0,847,No,0
0,0,0,0,0,848,No,0
0,0,0,0,0,849,No,0
-0.0432507381415723,3.05828902312295,0.0432507381415723,-0.128041156690948,0.0415396804078037,850,No,1
-0.0634100805651978,3.13284394045924,0.0443051038939583,-0.150267518483268,0.023447357352872,851,No,4
-0.0294524511688585,1.79705775955937,0.0254142345593667,-0.0792754987743618,0.0203705964366448,852,No,3
0,0,0,0,0,853,No,0
-0.00751228048748393,0.531198447487527,0.00751228048748393,-0.0222396454797087,0.00721508450474084,854,No,1
-0.124031311892484,5.01739834637136,0.0709567278926672,-0.263137623493914,0.0150749997089468,855,No,5
-0.282484623081289,8.00664801323103,0.113231102094589,-0.504467251631598,-0.0605019945309792,856,Yes,8
0,0,0,0,0,857,No,0
0,0,0,0,0,858,No,0
0,0,0,0,0,859,No,0
2.5876984501419e-05,0.00182977912176126,2.5876984501419e-05,-2.48532559742241e-05,7.66072249770621e-05,860,No,1
0,0,0,0,0,861,No,0
0,0,0,0,0,862,No,0
0.162665172712179,8.31969025494984,0.117658187932933,-0.0679964860077081,0.393326831432066,863,No,4
0.381259139688588,10.6799792619318,0.151037715180874,0.0851589657445466,0.677359313632629,864,Yes,14
0.68184332313716,28.5221914855917,0.403364700275262,-0.108928423981505,1.47261507025583,865,No,5
0,0,0,0,0,866,No,0
0.0429984161126248,3.04044716135179,0.0429984161126248,-0.0412973405797984,0.127294172805048,867,No,1
0.0578263421287525,4.08893986504542,0.0578263421287525,-0.0555386537755253,0.17119133803303,868,No,1
-0.0179337954416304,1.26811083691893,0.0179337954416304,-0.053091901106725,0.0172243102234641,869,No,1
0.0133194314966536,0.941826033283348,0.0133194314966536,-0.0127924967609469,0.0394313597542542,870,No,1
0.0227916355178255,1.61161200289866,0.0227916355178255,-0.021889967571943,0.067473238607594,871,No,1
0.0370545332635489,2.17978259062881,0.0308267810269203,-0.0233794796137978,0.0974885461408956,872,No,2
0.137530765352693,9.6532540790967,0.136517628396919,-0.130103669307205,0.40516520001259,873,No,2
0,0,0,0,0,874,No,0
0,0,0,0,0,875,No,0
-0.12039032482554,6.64190323272468,0.0939306963168894,-0.304535691992998,0.0637550423419168,876,No,7
-0.0872409281951157,7.52264433322325,0.106386256409534,-0.295804656734009,0.121322800343778,877,No,8
1.01742060286605,36.0399694450786,0.50968213576742,0.0182200463946154,2.01662115933749,878,Yes,17
6.56158601829878,82.4645334061768,1.16622461557784,4.275274211232,8.84789782536557,879,Yes,72
2.5743113999901,49.2667757570804,0.696737424500571,1.20840042642376,3.94022237355643,880,Yes,28
0.00903104496603299,7.84079572731395,0.110885596573644,-0.208353363915057,0.226415453847123,881,No,5
-0.163253993255365,5.98880895623719,0.0846945484837209,-0.3292924592644,0.00278447275366972,882,No,5
0,0,0,0,0,883,No,0
0,0,0,0,0,884,No,0
0,0,0,0,0,885,No,0
0,0,0,0,0,886,No,0
-0.235371181647015,6.34504565753571,0.0897324962276351,-0.411286235113081,-0.0594561281809501,887,Yes,10
-0.0447577815766771,1.73706718589899,0.0245658397305161,-0.092917603172074,0.00340204001871981,888,No,6
-0.127485699013275,5.65504007177944,0.079974343652738,-0.284270493051492,0.0292990950249421,889,No,5
0,0,0,0,0,890,No,0
0,0,0,0,0,891,No,0
0,0,0,0,0,892,No,0
0.00863780661131652,0.610785162943991,0.00863780661131652,-0.0082960832918968,0.0255716965145299,893,No,1
0.00798119178484961,0.564355483301753,0.00798119178484961,-0.00766544503658703,0.0236278286062863,894,No,1
0,0,0,0,0,895,No,0
0,0,0,0,0,896,No,0
0,0,0,0,0,897,No,0
0,0,0,0,0,898,No,0
0,0,0,0,0,899,No,0
0,0,0,0,0,900,No,0
0.123756232319522,4.7705534107191,0.0674658133346418,-0.00850635547016193,0.256018820109206,901,No,4
1.42550175672881e-05,0.00100798195877628,1.42550175672881e-05,-1.36910697804625e-05,4.22011049150387e-05,902,No,1
-1.46690482602186e-05,0.00103725834983533,1.46690482602185e-05,-4.3426817379294e-05,1.40887208588569e-05,903,No,1
0,0,0,0,0,904,No,0
0,0,0,0,0,905,No,0
0,0,0,0,0,906,No,0
0,0,0,0,0,907,No,0
-0.00274830733154514,0.194334675092028,0.00274830733154514,-0.00813619523720945,0.00263958057411916,908,No,1
-0.00374763779828185,0.264998010059612,0.00374763779828185,-0.0110946517717231,0.00359937617515939,909,No,1
-0.000541601864226463,0.0382970350897808,0.000541601864226463,-0.00160337908995995,0.000520175361507023,910,No,1
0,0,0,0,0,911,No,0
-0.163725367793617,5.80909189009895,0.0821529653604949,-0.324781216024177,-0.00266951956305764,912,Yes,7
-0.311737531628888,7.91106452692285,0.11187934746783,-0.531070128168095,-0.0924049350896815,913,Yes,18
-0.20897240947842,5.79355503587559,0.081933241060902,-0.369597501700447,-0.0483473172563925,914,Yes,14
-0.05607351659478,2.38990110544859,0.0337983055605585,-0.122333021007374,0.010185987817814,915,No,4
-0.00158956091178442,0.112398929983184,0.00158956091178442,-0.00470579755446913,0.00152667573090029,916,No,1
0,0,0,0,0,917,No,0
0,0,0,0,0,918,No,0
-0.0106306336630565,0.531478516692763,0.00751624126416841,-0.0253657635149643,0.00410449618885129,919,No,2
-0.0563102082203626,2.78650064053559,0.0394070699740675,-0.133565351149219,0.0209449347084943,920,No,4
-0.117186206651064,5.15307902539821,0.0728755424569847,-0.26005423648016,0.0256818231780311,921,No,4
-0.0458201540681323,2.34818978582388,0.033208418421381,-0.110923220935914,0.0192829127996495,922,No,4
-0.343024561886867,7.31039763678947,0.103384634842879,-0.545703795503837,-0.140345328269898,923,Yes,27
-0.0878112883478485,2.68320586079649,0.0379462611897737,-0.162202605280593,-0.0134199714151038,924,Yes,7
-2.70924753528062e-06,0.000191572730410987,2.70924753528062e-06,-8.02056110681722e-06,2.60206603625599e-06,925,No,1
-0.00232670400374582,0.164522817886256,0.00232670400374582,-0.00688806445203122,0.00223465644453958,926,No,1
0,0,0,0,0,927,No,0
0,0,0,0,0,928,No,0
0,0,0,0,0,929,No,0
0,0,0,0,0,930,No,0
0,0,0,0,0,931,No,0
0,0,0,0,0,932,No,0
0,0,0,0,0,933,No,0
-2.6725224054188e-17,1.88975871574462e-15,2.6725224054188e-17,-7.91183861307063e-17,2.56679380223303e-17,934,No,1
-0.0196700642078874,0.943804405593066,0.0133474099061719,-0.0458368424207797,0.00649671400500488,935,No,5
0,0,0,0,0,936,No,0
0,0,0,0,0,937,No,0
0,0,0,0,0,938,No,0
-0.0668100216186656,3.0710599228415,0.0434313459374292,-0.151954510670928,0.0183344674335965,939,No,6
-0.0566249940457676,2.11249365883126,0.0298751718274634,-0.11519343547198,0.00194344738044516,940,No,6
-1.4788416261972e-05,0.000690475550185314,9.76479887559095e-06,-3.39317053545575e-05,4.35487283061345e-06,941,No,3
0,0,0,0,0,942,No,0
0,0,0,0,0,943,No,0
0,0,0,0,0,944,No,0
0,0,0,0,0,945,No,0
0,0,0,0,0,946,No,0
0,0,0,0,0,947,No,0
0,0,0,0,0,948,No,0
-0.0228257781988344,1.01501517112492,0.0143544822101932,-0.0509668598765124,0.00531530347884355,949,No,3
-0.962319237768258,14.5979489404726,0.206446173744463,-1.3670442952323,-0.557594180304214,950,Yes,44
-0.101464398188646,3.05764984130968,0.0432416987456809,-0.186237095556974,-0.0166917008203179,951,Yes,16
0,0,0,0,0,952,No,0
0,0,0,0,0,953,No,0
-0.00736706503347037,0.520926357301879,0.0073670111949393,-0.0218096384904175,0.00707550842347672,954,No,2
-0.232624452650387,6.7179802402593,0.0950065876752916,-0.418879038816465,-0.0463698664843091,955,Yes,11
-0.0441416474472872,2.01079122070882,0.0284368821542716,-0.0998904102130808,0.0116071153185063,956,No,5
-0.0674724602167984,3.00089162739341,0.0424390163867164,-0.150671548067619,0.0157266276340221,957,No,4
0,0,0,0,0,958,No,0
0,0,0,0,0,959,No,0
0,0,0,0,0,960,No,0
0,0,0,0,0,961,No,0
0,0,0,0,0,962,No,0
-0.00458399683698901,0.324137524837261,0.00458399683698901,-0.0135706413923964,0.00440264771841843,963,No,1
-0.0245094574056696,1.2681513796278,0.0179343688021179,-0.0596686871088222,0.010649772297483,964,No,2
-0.0285773902985849,1.57444394332519,0.0222659997784666,-0.0722285167708478,0.015073736173678,965,No,3
-0.100623411344884,4.19959248335442,0.0593912064639992,-0.217056227768761,0.0158094050789942,966,No,5
-1.05725920765173,18.7034853562556,0.264507226544633,-1.57580939689109,-0.538709018412382,967,Yes,39
-0.731442295191987,16.0618716888979,0.227149167795358,-1.17675430229501,-0.286130288088963,968,Yes,83
-0.0388495535846142,1.90003814978076,0.0268705972044623,-0.0915277108031173,0.0138286036338888,969,No,7
-0.00258462026380731,0.182760251533031,0.00258462026380731,-0.00765160971591967,0.00248236918830504,970,No,1
0,0,0,0,0,971,No,0
0,0,0,0,0,972,No,0
-0.00480440010045162,0.240485021679035,0.00340097179206079,-0.0114717966378133,0.00186299643691005,973,No,2
-0.268398349923174,4.9017593276064,0.0693213452058979,-0.404298594103381,-0.132498105742967,974,Yes,59
-0.109748973706825,2.61724654787596,0.0370134556408035,-0.182311582591548,-0.0371863648221018,975,Yes,83
-0.0033070792244622,0.233845814553837,0.0033070792244622,-0.00979040514366931,0.00317624669474492,976,No,1
-0.000196220433851506,0.0138748799383766,0.000196220433851506,-0.00058089855563869,0.000188457687935678,977,No,1
-0.00646608102397504,0.457220973975441,0.00646608102397504,-0.0191424361558204,0.00621027410787035,978,No,1
-0.270883375384677,7.92445032315326,0.112068651213552,-0.490587090302955,-0.0511796604663987,979,Yes,26
-0.271124704795924,6.21022336611355,0.0878258210972408,-0.443301838649736,-0.098947570942112,980,Yes,25
-0.407158230301931,8.52439243937513,0.12055311398755,-0.643495213938515,-0.170821246665347,981,Yes,33
-0.129454218772955,3.98279872235598,0.0563252796935806,-0.23987647386827,-0.0190319636776405,982,Yes,12
-0.0404241101298435,1.46234301960977,0.0206806533117377,-0.0809672621203827,0.00011904186069564,983,No,12
-0.00968583467851022,0.337486003506441,0.00477277283269903,-0.0190425629914696,-0.00032910636555084,984,Yes,6
-0.00546924902231208,0.386734307167476,0.00546924902231208,-0.0161913761738684,0.00525287812924427,985,No,2
-0.000849187777431656,0.0600466435922654,0.000849187777431652,-0.00251396831458127,0.00081559275971796,986,No,2
-0.00238248842942234,0.168467372454302,0.00238248842942234,-0.00705321082168581,0.00228823396284113,987,No,1
-0.00169574085814536,0.105046012054996,0.00148557494921383,-0.0046081194010964,0.00121663768480567,988,No,2
0,0,0,0,0,989,No,0
0,0,0,0,0,990,No,0
0.0062716214456367,0.442862168860274,0.00626301685464163,-0.00600663884089525,0.0185498817321686,991,No,2
0,0,0,0,0,992,No,0
0,0,0,0,0,993,No,0
0,0,0,0,0,994,No,0
0,0,0,0,0,995,No,0
0,0,0,0,0,996,No,0
0,0,0,0,0,997,No,0
-0.0061031535363885,0.264710190712507,0.00374356741803995,-0.0134421877790969,0.00123588070631992,998,No,3
-0.284603639462335,5.16067631896723,0.0729829844130111,-0.427682302654298,-0.141524976270372,999,Yes,34
0.00431373165198862,0.30502689033402,0.00431373165198862,-0.00414307458989694,0.0127705378938742,1000,No,1
0.0163562347293441,0.969247334256342,0.0137072272539929,-0.0105159433179557,0.0432284127766438,1001,No,2
0,0,0,0,0,1002,No,0
0,0,0,0,0,1003,No,0
0,0,0,0,0,1004,No,0
0,0,0,0,0,1005,No,0
0,0,0,0,0,1006,No,0
0,0,0,0,0,1007,No,0
-0.00641772033859401,0.453801357117864,0.006417720338594,-0.0189992673138394,0.00616382663665135,1008,No,2
-0.185586530795013,6.28388422882779,0.0888675430079066,-0.359805896541568,-0.0113671650484581,1009,Yes,12
-0.312922262003124,6.72359083726048,0.0950859334990125,-0.499332400788476,-0.126512123217773,1010,Yes,33
-0.00345815128699866,0.19655145867639,0.00277965738564365,-0.00890749905029261,0.00199119647629529,1011,No,5
-0.00941616717566805,0.665823566270106,0.00941616717566805,-0.0278759852102734,0.00904365085893728,1012,No,1
0,0,0,0,0,1013,No,0
0,0,0,0,0,1014,No,0
0,0,0,0,0,1015,No,0
0,0,0,0,0,1016,No,0
0.0298285203887853,2.06761339306404,0.0292404690221541,-0.0274956251287548,0.0871526659063253,1017,No,2
0,0,0,0,0,1018,No,0
0,0,0,0,0,1019,No,0
0,0,0,0,0,1020,No,0
0,0,0,0,0,1021,No,0
0,0,0,0,0,1022,No,0
0,0,0,0,0,1023,No,0
0,0,0,0,0,1024,No,0
0,0,0,0,0,1025,No,0
0,0,0,0,0,1026,No,0
0.00465229817468374,0.328967158742067,0.00465229817468374,-0.00446824696275913,0.0137728433121266,1027,No,1
-6.10862863578338e-18,4.31945273211276e-16,6.10862863578338e-18,-1.80842202914764e-17,5.86696301990962e-18,1028,No,1
0,0,0,0,0,1029,No,0
0,0,0,0,0,1030,No,0
-0.00390558628785799,0.276166654865358,0.00390558628785799,-0.0115622485844461,0.00375107600873014,1031,No,1
-0.00637624853549654,0.45086885779804,0.00637624853549654,-0.0188764925852029,0.00612399551420983,1032,No,1
0,0,0,0,0,1033,No,0
0.000161477403619159,0.0114181767107505,0.000161477403619159,-0.000155089138998402,0.00047804394623672,1034,No,1
0.00176209167144289,0.12459869699496,0.00176209167144289,-0.00169238094021415,0.00521656428309992,1035,No,1
0.000214409036410878,0.0151610083593805,0.000214409036410878,-0.000205926724762465,0.000634744797584221,1036,No,1
-0.0102504444024529,0.635741390364571,0.00899074096415505,-0.0278762404507054,0.0073753516457995,1037,No,2
-0.0284568845425,1.26059839319458,0.0178275534436151,-0.0634067092887867,0.00649294020378675,1038,No,20
-0.0626893304362009,1.75179477591338,0.0247741193059103,-0.111257471360511,-0.0141211895118909,1039,Yes,27
0,0,0,0,0,1040,No,0
0,0,0,0,0,1041,No,0
0,0,0,0,0,1042,No,0
-0.142649936410408,5.46127263477865,0.0772340582792102,-0.29406256909948,0.00876269627866436,1043,No,6
-0.020961668203399,1.28005050469431,0.0181026478426122,-0.0564507986409598,0.0145274622341618,1044,No,4
0,0,0,0,0,1045,No,0
0,0,0,0,0,1046,No,0
0,0,0,0,0,1047,No,0
0,0,0,0,0,1048,No,0
0,0,0,0,0,1049,No,0
-0.0163330931538967,0.573249567150407,0.00810697312488612,-0.0322263165753698,-0.000439869732423648,1050,Yes,7
-0.0723099485989567,2.09714135962504,0.0296580575299529,-0.130452750765587,-0.0141671464323263,1051,Yes,10
0,0,0,0,0,1052,No,0
-0.00313083183720442,0.134613280583414,0.00190371927076599,-0.00686295666800837,0.000601292993599528,1053,No,3
-9.52126135740624e-06,0.000476278840067336,6.73559995094552e-06,-2.27259918096913e-05,3.68346909487883e-06,1054,No,2
-0.0187420156213252,0.797950235962055,0.0112847204579635,-0.0408650177238888,0.00338098648123837,1055,No,5
0,0,0,0,0,1056,No,0
0,0,0,0,0,1057,No,0
-0.154058236106175,2.86736053239546,0.0405506015312699,-0.233555202493449,-0.0745612697189018,1058,Yes,28
0,0,0,0,0,1059,No,0
-0.00726399623151463,0.517732252186092,0.00732183972719539,-0.0216180137973702,0.00709002133434088,1060,No,3
-0.00271825498699895,0.198017171960059,0.00280038570168681,-0.00820823934214412,0.00277172936814622,1061,No,2
-0.0439363657188725,2.3983967888674,0.0339184526676836,-0.110431411163559,0.0225586797258141,1062,No,6
-0.0684821580559791,2.05471992320568,0.0290581278227567,-0.125448834839342,-0.0115154812726163,1063,Yes,13
-0.00649664697357681,0.459382312999122,0.00649664697357681,-0.0192329247742934,0.00623963082713979,1064,No,1
0,0,0,0,0,1065,No,0
0,0,0,0,0,1066,No,0
0,0,0,0,0,1067,No,0
-0.0178578003948316,0.903345908059259,0.0127752403469164,-0.0429028752913161,0.00718727450165295,1068,No,2
-0.00326801109844618,0.164388494653241,0.0023248043863671,-0.00782564746340847,0.00128962526651611,1069,No,3
0,0,0,0,0,1070,No,0
0,0,0,0,0,1071,No,0
0,0,0,0,0,1072,No,0
0.000548021495963251,0.0387509716031611,0.000548021495963251,-0.000526341023924369,0.00162238401585087,1073,No,1
0,0,0,0,0,1074,No,0
0,0,0,0,0,1075,No,0
0,0,0,0,0,1076,No,0
0,0,0,0,0,1077,No,0
0,0,0,0,0,1078,No,0
0,0,0,0,0,1079,No,0
0,0,0,0,0,1080,No,0
0,0,0,0,0,1081,No,0
0,0,0,0,0,1082,No,0
0,0,0,0,0,1083,No,0
0,0,0,0,0,1084,No,0
0,0,0,0,0,1085,No,0
0,0,0,0,0,1086,No,0
-0.00192335758893985,0.118001379263657,0.00166879150933395,-0.00519492095705875,0.00134820577917905,1087,No,2
-0.00944364050904424,0.48768150638672,0.00689685800450641,-0.0229645074816155,0.004077226463527,1088,No,3
-1.65980044899812e-18,1.17365615290305e-16,1.65980044899812e-18,-4.91373739496019e-18,1.59413649696395e-18,1089,No,1
0,0,0,0,0,1090,No,0
0,0,0,0,0,1091,No,0
0,0,0,0,0,1092,No,0
0,0,0,0,0,1093,No,0
0,0,0,0,0,1094,No,0
0,0,0,0,0,1095,No,0
0,0,0,0,0,1096,No,0
0,0,0,0,0,1097,No,0
0,0,0,0,0,1098,No,0
0,0,0,0,0,1099,No,0
0,0,0,0,0,1100,No,0
0,0,0,0,0,1101,No,0
0,0,0,0,0,1102,No,0
0,0,0,0,0,1103,No,0
0,0,0,0,0,1104,No,0
0,0,0,0,0,1105,No,0
0,0,0,0,0,1106,No,0
0,0,0,0,0,1107,No,0
-0.00335501149762453,0.237235138092914,0.00335501149762453,-0.00993230569756142,0.00322228270231236,1108,No,1
0,0,0,0,0,1109,No,0
0,0,0,0,0,1110,No,0
0,0,0,0,0,1111,No,0
0,0,0,0,0,1112,No,0
-2.7707449990627e-18,1.95921257777595e-16,2.7707449990627e-18,-8.20262057526936e-18,2.66113057714396e-18,1113,No,1
0,0,0,0,0,1114,No,0
0,0,0,0,0,1115,No,0
-0.0047685006491665,0.337183914511809,0.0047685006491665,-0.0141168536084231,0.00457985231009007,1116,No,1
-0.00197428390966375,0.139602954051073,0.00197428390966375,-0.00584474638565058,0.00189617856632308,1117,No,1
-0.00269077851685136,0.170759359027401,0.00241490201438687,-0.00742504575375614,0.00204348872005342,1118,No,2
-0.0153100839701995,0.559729427674584,0.00791576947876727,-0.0308284643744386,0.00020829643403961,1119,No,7
0,0,0,0,0,1120,No,0
0,0,0,0,0,1121,No,0
0,0,0,0,0,1122,No,0
0,0,0,0,0,1123,No,0
0,0,0,0,0,1124,No,0
0,0,0,0,0,1125,No,0
0,0,0,0,0,1126,No,0
0,0,0,0,0,1127,No,0
0,0,0,0,0,1128,No,0
0,0,0,0,0,1129,No,0
0,0,0,0,0,1130,No,0
-1.27829900269146e-06,9.03893893187131e-05,1.27829900269146e-06,-3.78432576955668e-06,1.22772776417376e-06,1131,No,1
-0.000621779010161907,0.0438803243261059,0.000620561497833091,-0.00183835175314406,0.000594793732820245,1132,No,3
-0.0174825216416669,0.844358754663673,0.0119410360235382,-0.0408921901433887,0.00592714686005491,1133,No,5
-0.0275776075306199,0.980697084259728,0.0138691511713986,-0.0547672274834206,-0.000387987577819184,1134,Yes,8
-0.304114142896899,3.66947427325883,0.0518942028402179,-0.405849543682554,-0.202378742111243,1135,Yes,57
-0.11903934839611,1.87806596083196,0.0265598635283982,-0.171108331307238,-0.0669703654849825,1136,Yes,46
-0.0275967662744933,0.599742594382873,0.00848164110909085,-0.0442245032918681,-0.0109690292571185,1137,Yes,23
-0.0438741007287211,1.57335469540796,0.0222505954866933,-0.0874950280320672,-0.000253173425374995,1138,Yes,11
-0.0196140041824142,1.02991441700495,0.0145651893661198,-0.0481681643116989,0.0089401559468705,1139,No,3
0,0,0,0,0,1140,No,0
-0.000169919339388407,0.0120151117136281,0.000169919339388407,-0.000503035779140634,0.000163197100363821,1141,No,1
0,0,0,0,0,1142,No,0
0,0,0,0,0,1143,No,0
-0.000164628544826237,0.0116409960423506,0.000164628544826237,-0.000487372706447241,0.000158115616794767,1144,No,1
0,0,0,0,0,1145,No,0
0,0,0,0,0,1146,No,0
-0.00224010970279586,0.158399676144873,0.00224010970279586,-0.00663170733691831,0.0021514879313266,1147,No,1
-0.00774190356969426,0.287002752533876,0.00405883185071817,-0.0156989943901429,0.000215187250754357,1148,No,4
-0.122152917832495,2.07393272166986,0.0293298378243486,-0.179652265403663,-0.0646535702613273,1149,Yes,27
-0.0529444937285337,1.43535189863171,0.0202989412182293,-0.092739322579061,-0.0131496648780063,1150,Yes,15
-0.0122037824663495,0.505229268845791,0.0071450208410956,-0.0262111574544353,0.00180359252173636,1151,No,11
-0.0148976116244766,0.735265763462818,0.0103982281463772,-0.0352826999394382,0.00548747669048494,1152,No,12
-0.0168549291523353,0.557685494149302,0.00788686389364685,-0.0323166419304,-0.00139321637427066,1153,Yes,24
-0.00297212936453693,0.161790337697084,0.0022880608983214,-0.00745773237552128,0.00151347364644742,1154,No,9
-7.87787708919764e-07,3.93854455224528e-05,5.56994312179595e-07,-1.8797408844873e-06,3.04165466647768e-07,1155,No,2
0,0,0,0,0,1156,No,0
0,0,0,0,0,1157,No,0
-0.00492778456715545,0.348443668279263,0.00492773761403566,-0.0145883118263186,0.0047327426920077,1158,No,9
-0.00349513877753462,0.245966121535385,0.0034784862495965,-0.0103144976531243,0.00332422009805508,1159,No,3
-0.00341290917528454,0.1909984663805,0.00270112621547764,-0.0087083013976175,0.00188248304704841,1160,No,22
-0.00128523180763436,0.0696624486751712,0.000985175797045468,-0.00321660851391786,0.000646144898649147,1161,No,3
0,0,0,0,0,1162,No,0
-1.43239604559961e-08,7.16126385087917e-07,1.01275564616455e-08,-3.41784135396526e-08,5.5304926276604e-09,1163,No,2
-2.64615579533314e-06,0.000132294555679125,1.87092754869541e-06,-6.31399446689934e-06,1.02168287623306e-06,1164,No,2
-0.00166146641835139,0.117251881220071,0.00165819200635184,-0.00491225011118875,0.00158931727448598,1165,No,4
-0.0128246119216885,0.765150260728424,0.0108208587597545,-0.034038241624377,0.00838901778100006,1166,No,5
-0.0128873093873566,0.54926261522926,0.00776774639761734,-0.0281154996227114,0.00234088084799831,1167,No,9
-0.0130912170292856,0.412649819764732,0.00583574971622097,-0.0245318463052092,-0.00165058775336201,1168,Yes,14
-0.0069207814366907,0.258572080318861,0.00365676142837958,-0.0140896378625072,0.000248074989125826,1169,No,17
-0.00625674866320513,0.410675619101983,0.00580783030269991,-0.0176426436418699,0.00512914631545968,1170,No,4
-0.000146018486098145,0.0100799230083926,0.000142551638261454,-0.000425482226890814,0.000133445254694523,1171,No,10
-3.58975438238696e-18,1.80842736908879e-16,2.55750251193207e-18,-8.60358114571251e-18,1.42407238093858e-18,1172,No,2
0,0,0,0,0,1173,No,0
0,0,0,0,0,1174,No,0
-0.00132894193127782,0.0939703851409692,0.00132894193127782,-0.00393425105252386,0.00127636718996822,1175,No,3
-0.0469622393103136,1.09128885677398,0.015433155017164,-0.0772179928458801,-0.0167064857747472,1176,Yes,56
-0.0289497401630271,0.891729137928601,0.012610954408219,-0.0536727425561861,-0.00422673776986819,1177,Yes,47
0,0,0,0,0,1178,No,0
0,0,0,0,0,1179,No,0
0,0,0,0,0,1180,No,0
0,0,0,0,0,1181,No,0
-9.70622616781449e-07,6.86333834296969e-05,9.70622616778301e-07,-2.87346870603737e-06,9.32223472474472e-07,1182,No,3
-1.66237990842952e-06,9.17512252553024e-05,1.29755827120398e-06,-4.20616328959311e-06,8.81403472734064e-07,1183,No,4
0,0,0,0,0,1184,No,0
0,0,0,0,0,1185,No,0
0,0,0,0,0,1186,No,0
0,0,0,0,0,1187,No,0
0,0,0,0,0,1188,No,0
0,0,0,0,0,1189,No,0
0,0,0,0,0,1190,No,0
0,0,0,0,0,1191,No,0
0,0,0,0,0,1192,No,0
0,0,0,0,0,1193,No,0
0,0,0,0,0,1194,No,0
0,0,0,0,0,1195,No,0
-0.0208165345877477,0.742355451749653,0.0104984914796596,-0.0413981830161192,-0.000234886159376224,1196,Yes,4
-0.0249322741906717,0.694823439245532,0.0098262873123575,-0.0441961075910172,-0.00566844079032629,1197,Yes,9
-0.000426695529391429,0.0301719302334663,0.000426695529391429,-0.00126320593556808,0.000409814876785226,1198,No,1
-0.000106738689987769,0.007547565150532,0.000106738689987769,-0.000315993342933814,0.000102515962958277,1199,No,1
-0.001342695854494,0.0949429343783776,0.001342695854494,-0.00397496869835627,0.00128957698936826,1200,No,1
0,0,0,0,0,1201,No,0
0,0,0,0,0,1202,No,0
0,0,0,0,0,1203,No,0
-0.0034269174932404,0.155811167951603,0.00220350266886349,-0.0077467492833022,0.000892914296821403,1204,No,5
-0.000336498769657725,0.015062456736052,0.000213015305987826,-0.00075410220784669,8.11046685312402e-05,1205,No,8
-0.0295080415935337,0.617758020605258,0.00873641771004713,-0.0466352525056883,-0.0123808306813791,1206,Yes,25
-0.000873964859674404,0.061798647879452,0.000873964859674403,-0.00258731934640422,0.000839389627055411,1207,No,2
-0.000195819377829027,0.0103847628349721,0.000146862724432457,-0.000483734738560417,9.20959829023629e-05,1208,No,4
-0.00387866326252677,0.134582848988449,0.00190328890302275,-0.00760994438377459,-0.000147382141278946,1209,Yes,10
-0.00287129812347874,0.203031437392003,0.00287129812347874,-0.00850030193083317,0.00275770568387569,1210,No,1
-0.00276554687316064,0.173809166982565,0.00245803281211513,-0.00758436939279324,0.00205327564647197,1211,No,2
-0.000570278639149202,0.0322149286730609,0.000455587890403247,-0.00146343074644672,0.000322873468148318,1212,No,2
0,0,0,0,0,1213,No,0
-0.000201228151283685,0.0142289790338326,0.000201228151283685,-0.000595723595856474,0.000193267293289103,1214,No,1
0,0,0,0,0,1215,No,0
-0.00193641081553506,0.136924921882781,0.00193641081553505,-0.00573262541412334,0.00185980378305322,1216,No,2
-9.39245640754064e-05,0.00664146961777103,9.39245640754064e-05,-0.00027805790935967,9.02087812088569e-05,1217,No,1
-0.000824837085430066,0.0412562164845142,0.000583451008846004,-0.00196865699160543,0.000318982820745295,1218,No,5
-0.0159385726741738,0.481349634284307,0.00680731181048197,-0.0292838898273181,-0.00259325552102955,1219,Yes,10
-0.0118692629899352,0.391443124964779,0.00553584176222896,-0.0227219411224117,-0.00101658485745873,1220,Yes,6
-0.000114648643424051,0.00810688332189849,0.000114648643424051,-0.000339410274779877,0.000110112987931775,1221,No,1
-0.0321305995161013,0.744273484419442,0.0105256165578066,-0.0527654249959658,-0.0114957740362369,1222,Yes,14
-0.000215607575321934,0.0152457578585329,0.000215607575321934,-0.00063829299849604,0.000207077847852171,1223,No,1
-0.00327270137824829,0.231414933735793,0.00327270137824829,-0.00968863163914868,0.00314322888265209,1224,No,1
-0.00171268589791795,0.121105181246035,0.00171268589791795,-0.00507030152178848,0.00164492972595259,1225,No,1
-0.00351391445636419,0.248471274060456,0.00351391445636419,-0.0104027281576832,0.00337489924495479,1226,No,1
-5.09771372402529e-05,0.00360462794280601,5.09771372402529e-05,-0.000150914687182213,4.89604127017073e-05,1227,No,1
-0.00751908356735508,0.25863330686515,0.00365762730250098,-0.0146896374862623,-0.000348529648447809,1228,Yes,6
-0.0639608293568791,0.93531637806961,0.0132273710697572,-0.0898922787957637,-0.0380293799179944,1229,Yes,52
-0.00130532993589376,0.0648469308766326,0.000917074091240045,-0.00310319742621274,0.000492537554425221,1230,No,6
-0.00064562451094532,0.0456525469789684,0.00064562451094532,-0.00191133175343447,0.000620082731543832,1231,No,1
-0.000136828527386597,0.00967523795748323,0.000136828527386597,-0.000405072460441068,0.000131415405667873,1232,No,1
-0.00873595259516259,0.288145753135818,0.00407499632024884,-0.0167247328663819,-0.000747172323943278,1233,Yes,10
-0.00347755509664266,0.166973690369964,0.0023613645748069,-0.00810686546795155,0.00115175527466624,1234,No,4
-0.00314408739966312,0.095910251841436,0.00135637578924778,-0.00580317891630049,-0.000484995883025746,1235,Yes,8
0,0,0,0,0,1236,No,0
-0.00194748523332842,0.092471319307615,0.00130774193895362,-0.00451123307031317,0.000616262603656339,1237,No,3
-0.000799809773893382,0.056555091477929,0.000799809773893382,-0.00236778776461158,0.000768168216824819,1238,No,1
-0.00339795741887403,0.15559789000951,0.00220048646328087,-0.00771187612294538,0.00091596128519732,1239,No,3
-0.0239256648988824,0.978777780302041,0.0138420081145258,-0.0510620725540012,0.00321074275623643,1240,No,8
-0.0109166675072659,0.475480190536033,0.00672430534095802,-0.0240992555696325,0.00226592055510071,1241,No,3
0,0,0,0,0,1242,No,0
0,0,0,0,0,1243,No,0
0,0,0,0,0,1244,No,0
0,0,0,0,0,1245,No,0
-0.113715636437635,1.71817039200373,0.0242985987083957,-0.161351548405294,-0.0660797244699763,1246,Yes,46
-0.0745203126122495,1.29867608509875,0.0183660533267624,-0.110525833340681,-0.0385147918838181,1247,Yes,43
0,0,0,0,0,1248,No,0
0,0,0,0,0,1249,No,0
0.000682234362893448,0.0341084768899812,0.000482366706097007,-0.000263415969601945,0.00162788469538884,1250,No,2
-0.00073842419921809,0.327427874802238,0.00463052941244324,-0.0098162930138747,0.00833944461543852,1251,No,3
-0.00179581713291463,0.134799952790733,0.00190635921443907,-0.00553311741132029,0.00194148314549103,1252,No,3
-0.0861989539624089,1.3200642322745,0.0186685274048622,-0.122797456563161,-0.0496004513616573,1253,Yes,58
-0.00782791510906649,0.391366152624769,0.00553475320895727,-0.0186784591996402,0.00302262898150723,1254,No,6
-0.00305763138353787,0.193694969694898,0.00273926053105971,-0.00842778359190189,0.00231252082482615,1255,No,3
-0.00159770582182536,0.112952141402855,0.00159738450271001,-0.00472928013451627,0.00153386849086555,1256,No,2
-0.00187793007272875,0.122772972705936,0.00173627203093596,-0.00528178486329311,0.0015259247178356,1257,No,3
-0.00531754281153822,0.294202875482951,0.00416065696597153,-0.0134742555231303,0.00283916990005384,1258,No,3
-0.0037779024313748,0.235594449839892,0.00333180866183403,-0.0103097088953158,0.00275390403256625,1259,No,3
-0.10548188861471,1.9373836970899,0.0273987429994507,-0.15919544326078,-0.0517683339686404,1260,Yes,32
-0.0526757399086025,1.07059167354881,0.0151404526449643,-0.0823576684017392,-0.0229938114154658,1261,Yes,44
-0.0100710916461851,0.331504573856733,0.00468818264336906,-0.0192619860828536,-0.000880197209516615,1262,Yes,15
-0.0141716669552475,0.424313930395406,0.00600070515069016,-0.0259356812398814,-0.00240765267061367,1263,Yes,13
-0.0218229165739612,0.70996602092551,0.0100404357561692,-0.0415065748596775,-0.00213925828824498,1264,Yes,12
0,0,0,0,0,1265,No,0
0,0,0,0,0,1266,No,0
0,0,0,0,0,1267,No,0
-1.1282983582146e-07,7.97827420295193e-06,1.1282983582146e-07,-3.34025806462325e-07,1.08366134819405e-07,1268,No,1
-0.0497176157312099,1.44886296948706,0.0204900166146876,-0.0898870361733802,-0.00954819528903956,1269,Yes,12
-0.00659782132798144,0.322151703300572,0.00455591307949263,-0.0155294093998495,0.00233376674388662,1270,No,7
-0.000972953705372069,0.0611697083051651,0.000865070310915706,-0.00266887097497072,0.000722963564226582,1271,No,3
-0.000196306273536673,0.0124896660552118,0.000176630551247915,-0.000542579632384214,0.000149967085310868,1272,No,3
-0.00978534084560726,0.431460920496439,0.00610177885400044,-0.0217475039243718,0.00217682223315727,1273,No,8
-0.0172645037968417,0.524337574750374,0.00741525309473795,-0.0318016525385424,-0.00272735505514095,1274,Yes,16
-0.00479958194588001,0.180852308166636,0.00255763786995735,-0.00981367407030947,0.00021451017854945,1275,No,13
-0.00495324408043058,0.159881962206593,0.00226107239331386,-0.00938593778318255,-0.000520550377678619,1276,Yes,16
-0.00528518302104884,0.241461436886152,0.00341478038834491,-0.0119796504642221,0.00140928442212438,1277,No,19
-0.000211615605036696,0.0149540476933005,0.000211482170602397,-0.0006262134253655,0.000202982215292108,1278,No,2
-1.41360126109213e-07,9.99567037612104e-06,1.41360126109213e-07,-4.18487980430662e-07,1.35767728212235e-07,1279,No,1
-4.14364685141392e-08,2.93000078747707e-06,4.14364685141392e-08,-1.22670122770431e-07,3.97971857421527e-08,1280,No,1
0.00465816633089327,0.195718880455622,0.00276788295152819,-0.000768098376718161,0.0100844310385047,1281,No,4
0.00340758540169198,0.205411640503266,0.00290495927869025,-0.00228740903523037,0.00910257983861433,1282,No,3
-1.8057307096544e-08,1.27684442979342e-06,1.8057307096544e-08,-5.34575497832441e-08,1.73429355901562e-08,1283,No,1
0,0,0,0,0,1284,No,0
0,0,0,0,0,1285,No,0
0,0,0,0,0,1286,No,0
0,0,0,0,0,1287,No,0
0,0,0,0,0,1288,No,0
0,0,0,0,0,1289,No,0
0,0,0,0,0,1290,No,0
0,0,0,0,0,1291,No,0
0,0,0,0,0,1292,No,0
0,0,0,0,0,1293,No,0
-5.29931516895907e-07,2.93381996669139e-05,4.14904798645595e-07,-1.34332691884605e-06,2.83463885054235e-07,1294,No,2
-0.000307840577197389,0.0217166031030399,0.000307119146369927,-0.000909928820870691,0.000294247666475913,1295,No,3
-0.00688886648441642,0.39640864491926,0.00560606481886758,-0.017879212611014,0.00410147964218112,1296,No,7
-0.00434357417601449,0.163405532508252,0.00231090320239967,-0.00887395812269268,0.000186809770663698,1297,No,11
-0.00276685820553395,0.138853567807888,0.00196368598777807,-0.00661654410588179,0.0010828276948139,1298,No,6
-0.00332857175730949,0.215377650846898,0.0030458999485974,-0.00929987173040419,0.0026427282157852,1299,No,5
-3.94735978704784e-06,0.000279120487320461,3.94735978704784e-06,-1.1685916465854e-05,3.79119689175835e-06,1300,No,1
-0.000250214484252035,0.0176928358565709,0.000250214484252035,-0.000740744629134206,0.000240315660630136,1301,No,1
0,0,0,0,0,1302,No,0
0,0,0,0,0,1303,No,0
0,0,0,0,0,1304,No,0
0,0,0,0,0,1305,No,0
3.7961145623153e-08,2.68425834917415e-06,3.7961145623153e-08,-3.64593513280221e-08,1.12381642574328e-07,1306,No,1
2.16477472175039e-07,1.53072688549092e-05,2.16477472175039e-07,-2.07913330408502e-07,6.40868274758579e-07,1307,No,1
0,0,0,0,0,1308,No,0
0,0,0,0,0,1309,No,0
0,0,0,0,0,1310,No,0
0,0,0,0,0,1311,No,0
-2.49757222930834e-08,1.76605025984713e-06,2.49757222930834e-08,-7.39390935047299e-08,2.39876489185631e-08,1312,No,1
4.82431991701076e-06,0.0615762164132244,0.000870819203712027,-0.00170236330129506,0.00171201194112908,1313,No,3
0.000427573275098504,0.0302850061980402,0.000428294665018217,-0.00041207213836216,0.00126721868855917,1314,No,2
-0.00218222611542623,0.109545868941723,0.0015492125355933,-0.00521936224209584,0.000854910011243372,1315,No,4
-0.0031415085180627,0.133756472115759,0.00189160216921285,-0.00684987851469634,0.000566861478570939,1316,No,8
-0.00973473974880134,0.275485307225275,0.00389595057712502,-0.0173725118256805,-0.00209696767192218,1317,Yes,15
-0.0188845621236971,0.64306494730639,0.00909431169967436,-0.0367134022445248,-0.00105572200286941,1318,Yes,13
-7.21687021771533e-05,0.00505280951189841,7.14575173981451e-05,-0.000212256780878965,6.79193765246587e-05,1319,No,5
0,0,0,0,0,1320,No,0
-0.00137035918667746,0.0795078602614981,0.00112441094297075,-0.00357469785400645,0.000833979480651536,1321,No,2
-9.70794648588052e-08,6.86455479156223e-06,9.70794648588052e-08,-2.87397799565226e-07,9.32388698476158e-08,1322,No,1
-0.000825264331329498,0.058304049359073,0.000824543773448714,-0.00244173181066248,0.000791203148003485,1323,No,2
-0.00656140867524062,0.287520575589674,0.00406615497460236,-0.0145328560307661,0.00141003868028486,1324,No,4
-0.00922857091842977,0.335520405501446,0.00474497507913065,-0.0185308034410033,7.3661604143788e-05,1325,No,6
-0.00119825100977894,0.0727700009324853,0.00102912322252623,-0.00321578394739622,0.000819281927838334,1326,No,3
-0.00017894466288663,0.030271781708585,0.000428107642494787,-0.00101822343016457,0.000660334104391306,1327,No,3
0.000122850523471074,0.00868684382187133,0.000122850523471074,-0.000117990390504218,0.000363691437446365,1328,No,1
-0.000166656665904004,0.0117844058590662,0.000166656665904004,-0.000493376834465971,0.000160063502657963,1329,No,1
0,0,0,0,0,1330,No,0
0,0,0,0,0,1331,No,0
-0.000110018460551302,0.00777947995115304,0.000110018460551302,-0.000325702902462281,0.000105665981359677,1332,No,1
-0.00087269056678186,0.0441130581797466,0.00062385285155551,-0.00209571580680128,0.000350334673237557,1333,No,3
-0.00302095943077799,0.181524205048586,0.00256713992678705,-0.00805367975463915,0.00201176089308317,1334,No,4
0,0,0,0,0,1335,No,0
-0.000718190826647469,0.0507837603708397,0.000718190826647469,-0.00212615987888495,0.000689778225590016,1336,No,1
-0.00360309407384965,0.181892008991884,0.00257234146003611,-0.00864601168451417,0.00143982353681486,1337,No,3
-0.00653669183067807,0.260740537739849,0.00368742804732148,-0.0137656682814307,0.000692284620074608,1338,No,8
-0.00765999634081563,0.356462713428538,0.00504114403810952,-0.0175428499365129,0.0022228572548816,1339,No,7
-0.000444917894436873,0.0249461854855862,0.000352792338431908,-0.00113654562894488,0.000246709840071132,1340,No,5
-0.000238022443511331,0.0137682090039527,0.000194711879029773,-0.000619743136125381,0.000143698249102719,1341,No,3
-0.00213514325748902,0.134923042686964,0.00190809996844549,-0.00587585617732318,0.00160556966234515,1342,No,3
-3.29447349638179e-05,0.00232954454973092,3.29447349638179e-05,-9.75308665909078e-05,3.16413966632719e-05,1343,No,1
-0.000115361438745587,0.00815728556244414,0.000115361438745587,-0.000341520461596913,0.000110797584105738,1344,No,1
-0.000101795434323683,0.00718286767292151,0.000101581088797769,-0.000300938926572785,9.73480579254189e-05,1345,No,2
-0.000379298471319087,0.0250703676749265,0.00035454853979561,-0.00107436913085181,0.000315772188213639,1346,No,3
-0.00139495520899411,0.068893402666593,0.000974299844091266,-0.00330501027678693,0.000515099858798701,1347,No,4
-0.00789214646669775,0.394567852734805,0.00558003208613992,-0.0188314570179778,0.00304716408458227,1348,No,2
-0.000447131572215948,0.0181787171680816,0.000257085883656456,-0.000951132674047192,5.68695296152954e-05,1349,No,4
-0.0016278492287529,0.06511008683026,0.000920795678426435,-0.003433012662419,0.000177314204913195,1350,No,6
-0.000385369257659416,0.0182552851783229,0.000258168718841728,-0.000891493191435832,0.000120754676117001,1351,No,3
0,0,0,0,0,1352,No,0
0,0,0,0,0,1353,No,0
-0.000222441641403311,0.0157289993054548,0.000222441641403311,-0.000658524831837187,0.000213641549030564,1354,No,1
1.30603749782741e-05,0.00092350797119767,1.30603749782741e-05,-1.25436888690256e-05,3.86644388255737e-05,1355,No,1
5.48420692670047e-05,0.00387808449846623,5.4844396937598e-05,-5.26770060423074e-05,0.000162361144576317,1356,No,2
5.1583169836309e-05,0.00364748091863515,5.1583169836309e-05,-4.95424698280962e-05,0.000152708809500714,1357,No,1
0,0,0,0,0,1358,No,0
0,0,0,0,0,1359,No,0
0,0,0,0,0,1360,No,0
0,0,0,0,0,1361,No,0
0,0,0,0,0,1362,No,0
0,0,0,0,0,1363,No,0
0,0,0,0,0,1364,No,0
0,0,0,0,0,1365,No,0
0,0,0,0,0,1366,No,0
0,0,0,0,0,1367,No,0
0,0,0,0,0,1368,No,0
0,0,0,0,0,1369,No,0
0,0,0,0,0,1370,No,0
-0.000395129436120313,0.027939870372709,0.000395129436120313,-0.00116975645312415,0.000379497580883525,1371,No,1
-1.00888023979986e-06,7.13386058967593e-05,1.00888023979986e-06,-2.98672805175666e-06,9.68967572156933e-07,1372,No,1
-0.000327978394329489,0.0231915746713058,0.000327978394329489,-0.000970959913843013,0.000315003125184035,1373,No,1
-0.000649970387892855,0.0339184177480747,0.000479678863935635,-0.00159035137073897,0.000290410594953258,1374,No,3
-0.00197035309290456,0.0812639966506923,0.00114924646196051,-0.00422338027147096,0.000282674085661844,1375,No,4
-0.00147647687354178,0.0830972752231116,0.00117517293616774,-0.00378033131411572,0.000827377567032159,1376,No,2
-2.40899636315175e-05,0.00170341766423834,2.40899636315175e-05,-7.13168593314151e-05,2.313693206838e-05,1377,No,1
-0.000161849110830001,0.0114444603796907,0.000161849110830001,-0.000479144362628938,0.000155446140968937,1378,No,1
-0.000621387702104139,0.0311555932553032,0.000440606625254294,-0.00148516995822777,0.000242394554019491,1379,No,2
-0.0019685832060507,0.0830346107820302,0.00117428672714318,-0.00427070028820387,0.000333533876102476,1380,No,3
-0.000277508529839438,0.0139636530898687,0.000197475875799652,-0.000664647868540408,0.000109630808861531,1381,No,2
0,0,0,0,0,1382,No,0
0,0,0,0,0,1383,No,0
0,0,0,0,0,1384,No,0
-0.00272570250784639,0.192736272679536,0.00272570250784639,-0.00806927504353068,0.00261787002783791,1385,No,1
0,0,0,0,0,1386,No,0
-4.147286363787e-06,0.000293257431135629,4.147286363787e-06,-1.22777868301274e-05,3.98321410255338e-06,1387,No,1
-3.37158562176578e-05,0.00238407105650164,3.37158562176578e-05,-9.98137237520374e-05,3.23820113167218e-05,1388,No,1
-6.72130972283763e-06,0.000475268368347356,6.72130972283763e-06,-1.98980250596704e-05,6.45540561399512e-06,1389,No,1
0.000201730551320124,0.0142645040810961,0.000201730551320124,-0.000193749817700183,0.000597210920340432,1390,No,1
0.000270960425942503,0.0193135337298896,0.000273134613381601,-0.000264503225871741,0.000806424077756747,1391,No,2
4.30092739533202e-05,0.0100682489966763,0.000142386542804489,-0.000236130807325125,0.000322149355231766,1392,No,2
-0.000131667196969518,0.00931027678369711,0.000131667196969518,-0.000389792658406156,0.00012645826446712,1393,No,1
-0.0027184860381006,0.112984246010973,0.00159783853043217,-0.00585095044428468,0.000413978368083479,1394,No,6
-0.00508584913919042,0.175950654424771,0.00248831801795932,-0.00996404394678208,-0.00020765433159876,1395,Yes,7
-0.00564160655199188,0.15763432475825,0.00222928599968642,-0.0100119849802386,-0.00127122812374515,1396,Yes,10
-0.00456570027291334,0.12048607964887,0.00170393047916597,-0.0079061514354948,-0.00122524911033188,1397,Yes,13
-0.000329686156452232,0.0127954935644683,0.000180955605361287,-0.000684438518532531,2.50662056280668e-05,1398,No,6
-0.00482382367428099,0.33492654917325,0.00473657668239629,-0.0141095916553265,0.00446194430676453,1399,No,3
0,0,0,0,0,1400,No,0
0,0,0,0,0,1401,No,0
0,0,0,0,0,1402,No,0
0,0,0,0,0,1403,No,0
0,0,0,0,0,1404,No,0
0,0,0,0,0,1405,No,0
0,0,0,0,0,1406,No,0
0,0,0,0,0,1407,No,0
0,0,0,0,0,1408,No,0
0,0,0,0,0,1409,No,0
0,0,0,0,0,1410,No,0
0.000269236991846177,0.0167547091539871,0.000236947369191852,-0.000195283787942305,0.00073375777163466,1411,No,2
-0.000213539839778632,0.0137095831414353,0.000193882784130993,-0.000593635142711364,0.000166555463154101,1412,No,2
-0.000145999750300939,0.00825869699249104,0.000116795612943107,-0.000374970383675127,8.29708830732492e-05,1413,No,2
-0.00157271324813681,0.0588654298011194,0.000832482891796645,-0.00320474488189949,5.93183856258778e-05,1414,No,4
-0.00432802368130774,0.127898521025962,0.00180875823042376,-0.00787398321869759,-0.000782064143917891,1415,Yes,9
-0.00543799853217122,0.155681661497511,0.00220167117102557,-0.00975423978309029,-0.00112175728125216,1416,Yes,9
-0.000931848275790727,0.0319385048829401,0.000451678667673732,-0.0018173365917709,-4.6359959810555e-05,1417,Yes,6
-0.00299400070725251,0.0946397938302234,0.00133840879974895,-0.00561786904331222,-0.00037013237119279,1418,Yes,9
-0.00129964233959404,0.0769850316067756,0.00108873275798023,-0.00343403611422488,0.000834751435036796,1419,No,4
-0.00184023303735838,0.0789642804759297,0.00111672356392093,-0.00402950106970655,0.000349034994989802,1420,No,6
-0.0039347008471039,0.127168531267594,0.00179843461625698,-0.00746042157230797,-0.000408980121899835,1421,Yes,7
-0.00174215388698501,0.0672655133597832,0.000951278012733941,-0.003607076066868,0.000122768292897984,1422,No,5
-0.00436660544198693,0.189864350802712,0.00268508739916358,-0.00963055454897109,0.000897343664997221,1423,No,7
-0.00213955370701741,0.0821055185148387,0.0011611473782936,-0.0044159119018939,0.00013680448785907,1424,No,5
-0.000856588065100812,0.0430650785408494,0.000609032181371318,-0.00205055829052171,0.00033738216032009,1425,No,4
-0.00167122601375398,0.057906588267928,0.000818922824792585,-0.00327667396811059,-6.57780593973747e-05,1426,Yes,6
-0.0013676201634941,0.0572927087148768,0.0008102412568967,-0.002956048436634,0.000220808109645798,1427,No,4
-0.00121868445508457,0.0446266602235084,0.000631116281315015,-0.00245594920351183,1.85802933426959e-05,1428,No,5
-0.000765216360987499,0.0540790600393842,0.00076479340148086,-0.0022645469019623,0.000734114179987301,1429,No,2
-0.000379346851656606,0.0295617003627894,0.000418065575798664,-0.00119893876329111,0.000440245059977898,1430,No,3
0.000588533925489699,0.0585422540555968,0.000827912496573163,-0.00103453772884636,0.00221160557982575,1431,No,6
-0.00174118594821005,0.0833258329760146,0.00117840523090715,-0.00405137710430852,0.000569005207888429,1432,No,8
-0.00522091412322761,0.157871689836994,0.00223264284882236,-0.00959787344825144,-0.000843954798203777,1433,Yes,12
-0.0070965284164597,0.199582293594464,0.0028225198641082,-0.0126299054390272,-0.00156315139389216,1434,Yes,10
-0.0114400903845574,0.418817684873718,0.00592297650110113,-0.0230517224205841,0.000171541651469329,1435,No,16
-0.00494468766650838,0.153478581572943,0.00217051491594241,-0.00919984899087716,-0.000689526342139587,1436,Yes,14
-0.00955212218826893,0.22470296043193,0.00317777974148221,-0.0157819644040487,-0.00332227997248914,1437,Yes,19
-0.0149276123339373,0.373359206577652,0.00528009653578974,-0.0252789176408032,-0.0045763070270715,1438,Yes,29
-0.0438768300230544,1.39283100998181,0.019697605044101,-0.082492776198185,-0.00526088384792393,1439,Yes,63
